,time,open,high,low,close,volume,market_cap
0,2019-07-05,0.00449,0.0046,0.00355,0.0038701,1928297600.0,1928297660.00000000
1,2019-07-06,0.0038741,0.0039426,0.0033652,0.0035,1010744260.0,1010744287.00000000
2,2019-07-07,0.003504,0.00365,0.0034,0.0035377,530613980.0,530613992.00000000
3,2019-07-08,0.0035378,0.0035618,0.0034,0.003458,308445700.0,308445688.00000000
4,2019-07-09,0.003462,0.003582,0.0033564,0.0034545,253375580.0,253375582.00000000
5,2019-07-10,0.0034576,0.0035294,0.003251,0.0033421,241274860.0,241274866.00000000
6,2019-07-11,0.0033358,0.0033395,0.0030909,0.003209,202811400.0,202811394.00000000
7,2019-07-12,0.0032105,0.0033598,0.0031562,0.0032622,228622580.0,228622573.00000000
8,2019-07-13,0.0032626,0.0032653,0.0031358,0.0032532,110731940.0,110731940.00000000
9,2019-07-14,0.0032474,0.0032788,0.0029008,0.0029175,216658450.0,216658454.00000000
10,2019-07-15,0.0029175,0.0031354,0.0028011,0.0030712,220027650.0,220027648.00000000
11,2019-07-16,0.0030624,0.0031009,0.0027323,0.0027994,159080430.0,159080438.00000000
12,2019-07-17,0.0027995,0.002986,0.0027063,0.0028822,320691300.0,320691294.00000000
13,2019-07-18,0.0028663,0.0031251,0.0027797,0.0030979,263423200.0,263423204.00000000
14,2019-07-19,0.0031008,0.0031068,0.0029202,0.0030232,101195704.0,101195703.00000000
15,2019-07-20,0.0030131,0.0031528,0.003,0.0030787,106012024.0,106012025.00000000
16,2019-07-21,0.0030701,0.0031272,0.0029872,0.0030468,59882988.0,59882988.00000000
17,2019-07-22,0.0030533,0.0030816,0.00292,0.0029567,92581870.0,92581872.00000000
18,2019-07-23,0.0029567,0.0029567,0.002816,0.0028192,161810420.0,161810410.00000000
19,2019-07-24,0.0028195,0.0028819,0.0027629,0.0028741,68490380.0,68490381.00000000
20,2019-07-25,0.0028555,0.0029487,0.0028476,0.0028656,149944110.0,149944114.00000000
21,2019-07-26,0.0028656,0.0029033,0.0028177,0.0028798,29517748.0,29517748.00000000
22,2019-07-27,0.00289,0.00296,0.0027551,0.0028047,86758310.0,86758314.00000000
23,2019-07-28,0.0027973,0.0028137,0.002726,0.0027932,49225120.0,49225120.00000000
24,2019-07-29,0.0027884,0.002884,0.0027637,0.0027663,65013584.0,65013586.00000000
25,2019-07-30,0.0027663,0.00288,0.0027457,0.0027885,60008976.0,60008976.00000000
26,2019-07-31,0.0027949,0.0028761,0.0027889,0.0028583,58120004.0,58120004.00000000
27,2019-08-01,0.0028571,0.0030617,0.0028248,0.0029004,85256840.0,85256838.00000000
28,2019-08-02,0.0029004,0.0029272,0.002861,0.0028996,64329108.0,64329108.00000000
29,2019-08-03,0.0028951,0.002949,0.0028768,0.0028994,54942110.0,54942112.00000000
30,2019-08-04,0.0028999,0.0029985,0.0028424,0.0029222,88247050.0,88247046.00000000
31,2019-08-05,0.0029196,0.0031998,0.0029196,0.0030428,213937390.0,213937390.00000000
32,2019-08-06,0.0030443,0.003084,0.0029124,0.0029557,128970140.0,128970146.00000000
33,2019-08-07,0.0029569,0.0030399,0.0028759,0.0029856,116634870.0,116634874.00000000
34,2019-08-08,0.0029972,0.0029972,0.0028544,0.0029635,72936580.0,72936578.00000000
35,2019-08-09,0.0029725,0.0029725,0.0028375,0.002913,53069424.0,53069425.00000000
36,2019-08-10,0.0029211,0.0029432,0.0028085,0.00285,40358430.0,40358430.00000000
37,2019-08-11,0.00285,0.0028995,0.0028281,0.0028874,48121732.0,48121732.00000000
38,2019-08-12,0.0028893,0.0028999,0.0028455,0.0028516,37974664.0,37974663.00000000
39,2019-08-13,0.0028527,0.0028643,0.0027802,0.0028339,47685416.0,47685418.00000000
40,2019-08-14,0.0028343,0.0028399,0.0027,0.0027161,89470210.0,89470204.00000000
41,2019-08-15,0.002723,0.0027695,0.0025578,0.0025916,83406270.0,83406275.00000000
42,2019-08-16,0.0025813,0.002718,0.0025112,0.002651,71483280.0,71483283.00000000
43,2019-08-17,0.002648,0.0026632,0.0025778,0.0026251,48842468.0,48842468.00000000
44,2019-08-18,0.0026254,0.0027214,0.002587,0.002695,101432504.0,101432503.00000000
45,2019-08-19,0.0026922,0.0028146,0.0026676,0.0027816,111202616.0,111202618.00000000
46,2019-08-20,0.0027787,0.002785,0.0026798,0.002712,29889824.0,29889824.00000000
47,2019-08-21,0.002712,0.0027153,0.0025633,0.0026398,67428700.0,67428707.00000000
48,2019-08-22,0.0026404,0.0027165,0.0025527,0.0026458,70942536.0,70942538.00000000
49,2019-08-23,0.0026486,0.002693,0.0026153,0.0026668,49673948.0,49673949.00000000
50,2019-08-24,0.0026644,0.0026785,0.0025647,0.0026222,61164376.0,61164375.00000000
51,2019-08-25,0.0026274,0.002666,0.002582,0.0026237,59937736.0,59937736.00000000
52,2019-08-26,0.0026192,0.0027048,0.0025931,0.0026409,75309430.0,75309430.00000000
53,2019-08-27,0.002637,0.00264,0.0025763,0.0025993,57813268.0,57813268.00000000
54,2019-08-28,0.0026014,0.0026014,0.0024772,0.0024965,73252776.0,73252773.00000000
55,2019-08-29,0.0024956,0.0024958,0.002339,0.0024244,101148550.0,101148551.00000000
56,2019-08-30,0.0024421,0.0024939,0.0023879,0.0024449,37512210.0,37512207.00000000
57,2019-08-31,0.0024517,0.0024878,0.0024118,0.0024528,36338320.0,36338319.00000000
58,2019-09-01,0.002452,0.0024851,0.0024109,0.0024603,35956148.0,35956148.00000000
59,2019-09-02,0.0024635,0.0026167,0.0024377,0.0025882,53572010.0,53572010.00000000
60,2019-09-03,0.002591,0.0026054,0.0025313,0.0025593,64679810.0,64679806.00000000
61,2019-09-04,0.0025647,0.0025711,0.0025,0.0025097,32789886.0,32789886.00000000
62,2019-09-05,0.0025221,0.0025221,0.0024589,0.0024909,44318276.0,44318276.00000000
63,2019-09-06,0.0024897,0.0025054,0.0024,0.00247,81836504.0,81836503.00000000
64,2019-09-07,0.0024504,0.002507,0.0024029,0.0024542,79415290.0,79415288.00000000
65,2019-09-08,0.002465,0.0025306,0.0024,0.0024585,89538970.0,89538969.00000000
66,2019-09-09,0.0024453,0.0024692,0.0024,0.0024351,61000344.0,61000344.00000000
67,2019-09-10,0.0024351,0.0024612,0.0023849,0.0024185,33219768.0,33219768.00000000
68,2019-09-11,0.0024193,0.0024386,0.0023601,0.0023892,52887164.0,52887165.00000000
69,2019-09-12,0.0023912,0.002431,0.0023265,0.0023928,48542764.0,48542765.00000000
70,2019-09-13,0.0023906,0.0024128,0.00236,0.002399,35317492.0,35317492.00000000
71,2019-09-14,0.0024089,0.002437,0.0023701,0.0024192,33725890.0,33725888.00000000
72,2019-09-15,0.0024233,0.0024851,0.00239,0.002426,68647230.0,68647235.00000000
73,2019-09-16,0.0024249,0.0024765,0.0023978,0.0024309,53894420.0,53894420.00000000
74,2019-09-17,0.0024316,0.00262,0.00241,0.002594,135069010.0,135069011.00000000
75,2019-09-18,0.0025972,0.0028103,0.0025527,0.0027015,344364320.0,344364326.00000000
76,2019-09-19,0.0027028,0.0027322,0.00254,0.0027083,161540600.0,161540615.00000000
77,2019-09-20,0.0027062,0.0027062,0.0026147,0.0026497,70347330.0,70347331.00000000
78,2019-09-21,0.0026497,0.0026619,0.002539,0.0025772,76693750.0,76693753.00000000
79,2019-09-22,0.00257,0.002599,0.0025173,0.002562,92043000.0,92043003.00000000
80,2019-09-23,0.0025697,0.0025719,0.0024474,0.0024474,76897520.0,76897524.00000000
81,2019-09-24,0.0024474,0.0024731,0.0019317,0.00219,155910480.0,155910476.00000000
82,2019-09-25,0.0021893,0.0022241,0.0020665,0.0021757,110825980.0,110825983.00000000
83,2019-09-26,0.0021693,0.0022375,0.0020185,0.0021396,204393630.0,204393624.00000000
84,2019-09-27,0.0021348,0.002199,0.0020985,0.0021723,88331170.0,88331166.00000000
85,2019-09-28,0.002176,0.002232,0.0021401,0.0021974,75661290.0,75661286.00000000
86,2019-09-29,0.0022033,0.0022399,0.0021235,0.0021854,79511130.0,79511131.00000000
87,2019-09-30,0.002203,0.0024733,0.0021264,0.0023747,263988600.0,263988602.00000000
88,2019-10-01,0.0023791,0.0025001,0.0023473,0.0023503,151860060.0,151860063.00000000
89,2019-10-02,0.0023561,0.0023692,0.0022809,0.002323,88034430.0,88034436.00000000
90,2019-10-03,0.002323,0.002325,0.0022353,0.0022977,81022530.0,81022529.00000000
91,2019-10-04,0.002298,0.002325,0.0022398,0.0022893,52314904.0,52314904.00000000
92,2019-10-05,0.0022882,0.0023051,0.0022614,0.0022922,53899896.0,53899895.00000000
93,2019-10-06,0.0022993,0.0023048,0.0022275,0.0022677,72718150.0,72718151.00000000
94,2019-10-07,0.0022659,0.0023654,0.0022368,0.002331,69936960.0,69936960.00000000
95,2019-10-08,0.0023298,0.0023649,0.0022783,0.0023096,89953560.0,89953557.00000000
96,2019-10-09,0.0023096,0.0023652,0.0022467,0.0023522,128533704.0,128533706.00000000
97,2019-10-10,0.002346,0.0023512,0.0022927,0.0023,74485976.0,74485978.00000000
98,2019-10-11,0.002297,0.0023411,0.002225,0.0022909,61631504.0,61631506.00000000
99,2019-10-12,0.002288,0.002331,0.0022751,0.0023196,70374904.0,70374904.00000000
100,2019-10-13,0.002319,0.0026349,0.0023096,0.0024317,506106750.0,506106744.00000000
101,2019-10-14,0.0024312,0.00275,0.0024067,0.0025415,1281613600.0,1281613616.00000000
102,2019-10-15,0.0025482,0.00258,0.0024652,0.0024964,142270880.0,142270876.00000000
103,2019-10-16,0.0024957,0.0026228,0.0024851,0.0026162,271043900.0,271043906.00000000
104,2019-10-17,0.0026117,0.002974,0.0025778,0.0027405,673256260.0,673256287.00000000
105,2019-10-18,0.002735,0.0028665,0.0026311,0.0026952,262101550.0,262101555.00000000
106,2019-10-19,0.0026944,0.0027949,0.0026467,0.0027176,103435080.0,103435078.00000000
107,2019-10-20,0.0027179,0.0027575,0.0026407,0.0027151,113305480.0,113305480.00000000
108,2019-10-21,0.0027079,0.00295,0.0025758,0.0026879,287285760.0,287285773.00000000
109,2019-10-22,0.0026884,0.0027297,0.0025085,0.0025311,948366660.0,948366683.00000000
110,2019-10-23,0.0025386,0.002565,0.0021,0.0024746,399964930.0,399964920.00000000
111,2019-10-24,0.0024805,0.00255,0.0024,0.0025183,176236370.0,176236372.00000000
112,2019-10-25,0.0025183,0.0027799,0.0024652,0.0026694,330206100.0,330206126.00000000
113,2019-10-26,0.0026694,0.002898,0.0025577,0.0025925,327792540.0,327792551.00000000
114,2019-10-27,0.0026061,0.0029542,0.00256,0.00264,203666780.0,203666784.00000000
115,2019-10-28,0.00264,0.00275,0.0026234,0.0026265,179647410.0,179647401.00000000
116,2019-10-29,0.0026379,0.0026952,0.002615,0.002625,136659520.0,136659517.00000000
117,2019-10-30,0.002625,0.0026649,0.0025584,0.0025936,202095490.0,202095484.00000000
118,2019-10-31,0.0025891,0.0026357,0.0025473,0.0025844,93293230.0,93293235.00000000
119,2019-11-01,0.0025811,0.002675,0.0025522,0.0025932,48308176.0,48308176.00000000
120,2019-11-02,0.0025994,0.0026114,0.0025463,0.0025773,136199740.0,136199748.00000000
121,2019-11-03,0.0025966,0.0026369,0.0025427,0.0025861,94348910.0,94348909.00000000
122,2019-11-04,0.0025803,0.0026,0.002538,0.0025751,89131460.0,89131455.00000000
123,2019-11-05,0.0025751,0.0026045,0.0025501,0.0025927,89896616.0,89896615.00000000
124,2019-11-06,0.0025881,0.00261,0.00255,0.0025952,78525810.0,78525806.00000000
125,2019-11-07,0.0025942,0.0027449,0.0025694,0.0026982,389579330.0,389579342.00000000
126,2019-11-08,0.002704,0.0027096,0.002535,0.0026381,140343460.0,140343464.00000000
127,2019-11-09,0.0026442,0.0027351,0.0026079,0.0027126,355378240.0,355378242.00000000
128,2019-11-10,0.0027078,0.0027849,0.0026647,0.0027565,305203800.0,305203814.00000000
129,2019-11-11,0.0027653,0.0027687,0.002646,0.002705,145629940.0,145629942.00000000
130,2019-11-12,0.0027042,0.0027244,0.0026456,0.0027078,116799810.0,116799812.00000000
131,2019-11-13,0.0027078,0.0027078,0.0026316,0.0026821,140516820.0,140516822.00000000
132,2019-11-14,0.0026751,0.0026862,0.0025991,0.002662,99444650.0,99444648.00000000
133,2019-11-15,0.002665,0.00271,0.0025767,0.002658,196496670.0,196496664.00000000
134,2019-11-16,0.0026504,0.0027,0.0026164,0.0026606,184465710.0,184465713.00000000
135,2019-11-17,0.0026517,0.0026619,0.0025893,0.0026258,81768450.0,81768446.00000000
136,2019-11-18,0.0026159,0.0026299,0.0025002,0.0025395,72203976.0,72203979.00000000
137,2019-11-19,0.0025351,0.0025381,0.0024883,0.0025165,60867796.0,60867796.00000000
138,2019-11-20,0.0025206,0.00259,0.0025065,0.0025225,51326120.0,51326120.00000000
139,2019-11-21,0.0025209,0.0025302,0.0023,0.0024063,139844660.0,139844659.00000000
140,2019-11-22,0.0024059,0.0024426,0.0021733,0.0023524,165526780.0,165526781.00000000
141,2019-11-23,0.0023528,0.0024,0.0022612,0.0023994,172491870.0,172491867.00000000
142,2019-11-24,0.0023892,0.0023892,0.0022323,0.002233,116673800.0,116673800.00000000
143,2019-11-25,0.0022368,0.0023206,0.002081,0.0022539,150700820.0,150700812.00000000
144,2019-11-26,0.0022474,0.0023128,0.0022267,0.0022663,46658504.0,46658505.00000000
145,2019-11-27,0.0022663,0.00236,0.0021866,0.0023208,98287760.0,98287760.00000000
146,2019-11-28,0.0023153,0.00236,0.0022614,0.002272,98429450.0,98429449.00000000
147,2019-11-29,0.0022735,0.0023733,0.0022722,0.0023593,98438930.0,98438924.00000000
148,2019-11-30,0.0023593,0.0023607,0.0022711,0.0022918,59323424.0,59323424.00000000
149,2019-12-01,0.002292,0.0023041,0.0022323,0.0022648,71868570.0,71868565.00000000
150,2019-12-02,0.0022708,0.0022708,0.0021588,0.0022194,163746400.0,163746405.00000000
151,2019-12-03,0.0022209,0.0022366,0.0021504,0.0021782,189360210.0,189360213.00000000
152,2019-12-04,0.0021731,0.002245,0.0021123,0.0021682,259311710.0,259311714.00000000
153,2019-12-05,0.0021717,0.0022199,0.0021406,0.0021755,75250600.0,75250597.00000000
154,2019-12-06,0.0021705,0.0022416,0.0021001,0.0021944,132923220.0,132923213.00000000
155,2019-12-07,0.0021894,0.0022504,0.0021601,0.002184,61735172.0,61735171.00000000
156,2019-12-08,0.0021834,0.0022499,0.00215,0.0021971,56793316.0,56793315.00000000
157,2019-12-09,0.0021968,0.0022182,0.0021624,0.0021699,56493156.0,56493155.00000000
158,2019-12-10,0.0021635,0.002215,0.0020903,0.0021368,116186990.0,116186991.00000000
159,2019-12-11,0.0021402,0.002174,0.0021079,0.0021379,86454060.0,86454061.00000000
160,2019-12-12,0.0021515,0.0021688,0.0021166,0.0021344,55721064.0,55721062.00000000
161,2019-12-13,0.0021348,0.0022245,0.0021051,0.0021321,105233190.0,105233189.00000000
162,2019-12-14,0.0021274,0.0022933,0.002048,0.0021127,97345600.0,97345597.00000000
163,2019-12-15,0.0021127,0.0022,0.0020938,0.0021363,61190730.0,61190730.00000000
164,2019-12-16,0.0021363,0.002177,0.0020705,0.002087,99814376.0,99814375.00000000
165,2019-12-17,0.0020835,0.0021318,0.0019349,0.0019772,209772940.0,209772941.00000000
166,2019-12-18,0.0019772,0.0020868,0.0019,0.0020483,444442270.0,444442268.00000000
167,2019-12-19,0.0020541,0.00218,0.0019819,0.0020205,91905080.0,91905080.00000000
168,2019-12-20,0.0020241,0.002065,0.0019933,0.0020273,58972844.0,58972845.00000000
169,2019-12-21,0.0020275,0.0020676,0.0020091,0.00204,83070904.0,83070907.00000000
170,2019-12-22,0.00204,0.0020859,0.00202,0.0020808,97517870.0,97517875.00000000
171,2019-12-23,0.0020848,0.0021261,0.0020276,0.002051,187366370.0,187366372.00000000
172,2019-12-24,0.002047,0.0020546,0.002002,0.0020184,61042420.0,61042421.00000000
173,2019-12-25,0.002017,0.0020591,0.0019938,0.00204,108851440.0,108851438.00000000
174,2019-12-26,0.0020331,0.0020545,0.0020013,0.0020245,81831500.0,81831506.00000000
175,2019-12-27,0.0020172,0.0020426,0.0019901,0.0020277,145246370.0,145246366.00000000
176,2019-12-28,0.0020277,0.0020624,0.0020277,0.0020458,48401004.0,48401004.00000000
177,2019-12-29,0.0020458,0.0020609,0.0020259,0.0020329,50528680.0,50528679.00000000
178,2019-12-30,0.0020391,0.0020585,0.0020123,0.0020264,76749920.0,76749919.00000000
179,2019-12-31,0.002019,0.0020299,0.0019862,0.0020135,131083310.0,131083309.00000000
180,2020-01-01,0.0020136,0.002039,0.0020001,0.0020245,31462868.0,31462868.00000000
181,2020-01-02,0.0020245,0.00204,0.0019485,0.0019951,191887310.0,191887309.00000000
182,2020-01-03,0.0019986,0.0020359,0.0019675,0.0020236,109005710.0,109005714.00000000
183,2020-01-04,0.0020185,0.0021035,0.002015,0.0020579,123468610.0,123468609.00000000
184,2020-01-05,0.0020589,0.0020922,0.0020361,0.0020696,66437148.0,66437147.00000000
185,2020-01-06,0.0020722,0.0021345,0.0020692,0.0021344,108507040.0,108507039.00000000
186,2020-01-07,0.0021333,0.0021847,0.0020777,0.002175,121470210.0,121470207.00000000
187,2020-01-08,0.0021687,0.0022263,0.0020701,0.0020886,205791630.0,205791636.00000000
188,2020-01-09,0.0020934,0.0021633,0.0020642,0.0021282,80515080.0,80515080.00000000
189,2020-01-10,0.0021323,0.0022024,0.0020983,0.0021973,222205600.0,222205607.00000000
190,2020-01-11,0.0022007,0.002225,0.0021651,0.0021754,94223944.0,94223943.00000000
191,2020-01-12,0.0021671,0.0022133,0.002155,0.0021963,49775170.0,49775170.00000000
192,2020-01-13,0.0022026,0.0022049,0.0021652,0.0021704,66668056.0,66668055.00000000
193,2020-01-14,0.0021656,0.0023955,0.0021653,0.0023581,297610200.0,297610208.00000000
194,2020-01-15,0.0023493,0.0024913,0.0023204,0.0023669,262905060.0,262905054.00000000
195,2020-01-16,0.002376,0.0023768,0.0022871,0.0023276,98583990.0,98583989.00000000
196,2020-01-17,0.0023343,0.0025035,0.0023159,0.0024868,280388640.0,280388650.00000000
197,2020-01-18,0.0024855,0.0025225,0.0024441,0.0025115,191378700.0,191378707.00000000
198,2020-01-19,0.0025137,0.0025833,0.0023269,0.0023982,161012200.0,161012185.00000000
199,2020-01-20,0.0023999,0.002427,0.0023468,0.002376,95126696.0,95126694.00000000
200,2020-01-21,0.002376,0.0023952,0.0023206,0.0023673,130661576.0,130661575.00000000
201,2020-01-22,0.0023583,0.0023904,0.0023353,0.0023434,72204080.0,72204081.00000000
202,2020-01-23,0.002343,0.0023478,0.002225,0.0022514,120187530.0,120187526.00000000
203,2020-01-24,0.002255,0.0022885,0.0021968,0.0022698,72913430.0,72913429.00000000
204,2020-01-25,0.0022706,0.0022708,0.0022265,0.002251,74227950.0,74227952.00000000
205,2020-01-26,0.0022497,0.0023091,0.0022364,0.0022854,62787676.0,62787676.00000000
206,2020-01-27,0.002291,0.0024271,0.002256,0.0023594,189983950.0,189983953.00000000
207,2020-01-28,0.0023594,0.0024437,0.00235,0.0024412,132996340.0,132996335.00000000
208,2020-01-29,0.0024427,0.0024477,0.002371,0.0023865,113185520.0,113185519.00000000
209,2020-01-30,0.0023865,0.0024243,0.0023544,0.002414,78294104.0,78294104.00000000
210,2020-01-31,0.0024164,0.002445,0.002362,0.0023776,106455640.0,106455643.00000000
211,2020-02-01,0.0023776,0.002417,0.002373,0.002417,69780776.0,69780779.00000000
212,2020-02-02,0.0024118,0.0025018,0.0023985,0.0024406,140214780.0,140214787.00000000
213,2020-02-03,0.0024397,0.0024999,0.0024133,0.0024156,147181390.0,147181393.00000000
214,2020-02-04,0.0024167,0.0025178,0.002398,0.0025169,243323340.0,243323349.00000000
215,2020-02-05,0.0025169,0.0026334,0.0024723,0.0025826,456737730.0,456737744.00000000
216,2020-02-06,0.0025823,0.0026896,0.0025696,0.0026654,245310850.0,245310854.00000000
217,2020-02-07,0.0026642,0.0028,0.00265,0.0027888,266969070.0,266969073.00000000
218,2020-02-08,0.0027997,0.0032674,0.0027214,0.003171,1122954100.0,1122954168.00000000
219,2020-02-09,0.0031745,0.00489,0.003078,0.0032235,1307461200.0,1307461248.00000000
220,2020-02-10,0.0032155,0.0032819,0.0028417,0.0029663,810781060.0,810781064.00000000
221,2020-02-11,0.0029618,0.0030946,0.0028388,0.00303,584824800.0,584824864.00000000
222,2020-02-12,0.00303,0.0031568,0.003,0.0030589,621222850.0,621222834.00000000
223,2020-02-13,0.0030599,0.00321,0.0029443,0.0030132,570152800.0,570152846.00000000
224,2020-02-14,0.0030098,0.0031383,0.0029756,0.0031067,305515600.0,305515579.00000000
225,2020-02-15,0.0031099,0.0031769,0.00284,0.0029031,320372000.0,320372009.00000000
226,2020-02-16,0.0028981,0.0029621,0.0026023,0.0027522,417846270.0,417846263.00000000
227,2020-02-17,0.0027475,0.0027561,0.0025241,0.0026999,273787800.0,273787797.00000000
228,2020-02-18,0.0026819,0.0028656,0.0026538,0.0028286,344021660.0,344021674.00000000
229,2020-02-19,0.0028349,0.0028615,0.0025623,0.0026085,156007570.0,156007562.00000000
230,2020-02-20,0.002603,0.0029909,0.0025415,0.002653,268076620.0,268076623.00000000
231,2020-02-21,0.00265,0.002712,0.0025891,0.0026481,153113920.0,153113913.00000000
232,2020-02-22,0.0026469,0.0026533,0.0025719,0.0025887,107733064.0,107733066.00000000
233,2020-02-23,0.0025905,0.00268,0.0025905,0.0026772,85158190.0,85158189.00000000
234,2020-02-24,0.0026744,0.0026822,0.0025436,0.0025769,123771860.0,123771852.00000000
235,2020-02-25,0.0025831,0.0025831,0.0023977,0.0024734,256619300.0,256619298.00000000
236,2020-02-26,0.0024733,0.0024864,0.0021862,0.0023439,305716700.0,305716693.00000000
237,2020-02-27,0.0023406,0.0024164,0.0023,0.0023255,164177170.0,164177168.00000000
238,2020-02-28,0.0023255,0.00237,0.0022161,0.0022823,99076090.0,99076087.00000000
239,2020-02-29,0.0022823,0.0023197,0.0022112,0.0022153,84399220.0,84399218.00000000
240,2020-03-01,0.0022202,0.00231,0.0022004,0.0022794,116810340.0,116810334.00000000
241,2020-03-02,0.0022688,0.0023792,0.0022205,0.0023471,96449250.0,96449244.00000000
242,2020-03-03,0.002358,0.0025355,0.0023082,0.0024985,276081120.0,276081118.00000000
243,2020-03-04,0.0025031,0.0025033,0.00237,0.0024187,201587820.0,201587827.00000000
244,2020-03-05,0.0024251,0.00253,0.0024222,0.0024771,122219350.0,122219349.00000000
245,2020-03-06,0.0024773,0.0024999,0.0024374,0.0024862,63303104.0,63303104.00000000
246,2020-03-07,0.0024862,0.002494,0.0023922,0.0024066,112331020.0,112331024.00000000
247,2020-03-08,0.0024029,0.0024039,0.00215,0.0021671,181080660.0,181080658.00000000
248,2020-03-09,0.0021714,0.0022269,0.00208,0.0022203,229780850.0,229780847.00000000
249,2020-03-10,0.0022261,0.0022641,0.0021533,0.0022053,225779520.0,225779527.00000000
250,2020-03-11,0.0022021,0.0022181,0.0020911,0.0021716,128060180.0,128060172.00000000
251,2020-03-12,0.0021759,0.0021805,0.0014003,0.0015996,770810000.0,770809996.00000000
252,2020-03-13,0.0014971,0.0017957,0.0011345,0.001746,372647940.0,372647948.00000000
253,2020-03-14,0.0017226,0.0017771,0.001633,0.0016632,224230350.0,224230347.00000000
254,2020-03-15,0.0016603,0.0018329,0.0016295,0.0016932,183272930.0,183272920.00000000
255,2020-03-16,0.0016903,0.0017,0.0013478,0.0015817,232810540.0,232810549.00000000
256,2020-03-17,0.0015927,0.0016873,0.001546,0.0016219,120269656.0,120269653.00000000
257,2020-03-18,0.0016219,0.0016428,0.0015442,0.0016002,153194700.0,153194705.00000000
258,2020-03-19,0.0016002,0.0018395,0.001565,0.00177,315677300.0,315677300.00000000
259,2020-03-20,0.00176,0.0019361,0.0016412,0.0017802,301406600.0,301406598.00000000
260,2020-03-21,0.0017758,0.0018533,0.0016964,0.0017849,120948580.0,120948576.00000000
261,2020-03-22,0.0017897,0.0018447,0.0017155,0.0017264,156027630.0,156027627.00000000
262,2020-03-23,0.0017222,0.0018576,0.0016843,0.0018192,180308460.0,180308460.00000000
263,2020-03-24,0.001826,0.001916,0.0018047,0.0018641,283137120.0,283137113.00000000
264,2020-03-25,0.0018511,0.0018947,0.00179,0.0018296,170824530.0,170824524.00000000
265,2020-03-26,0.0018296,0.0018673,0.0018111,0.0018519,151160370.0,151160373.00000000
266,2020-03-27,0.001847,0.00187,0.0017408,0.0017766,195811260.0,195811269.00000000
267,2020-03-28,0.0017754,0.001809,0.0016981,0.001783,314932320.0,314932329.00000000
268,2020-03-29,0.001793,0.0018001,0.0017018,0.0017099,156054260.0,156054263.00000000
269,2020-03-30,0.0017202,0.0019,0.001709,0.0017957,116199880.0,116199882.00000000
270,2020-03-31,0.0017994,0.0018286,0.001792,0.0018041,67786700.0,67786701.00000000
271,2020-04-01,0.0018,0.0018743,0.0017659,0.0018631,152034480.0,152034474.00000000
272,2020-04-02,0.0018637,0.00195,0.0018405,0.0018777,146749300.0,146749302.00000000
273,2020-04-03,0.0018701,0.0019048,0.0018205,0.0018467,97617760.0,97617758.00000000
274,2020-04-04,0.0018467,0.0019085,0.001828,0.0018697,92364700.0,92364705.00000000
275,2020-04-05,0.0018745,0.0018817,0.0018381,0.00185,55344996.0,55344996.00000000
276,2020-04-06,0.0018469,0.0019901,0.0018443,0.0019896,210552140.0,210552139.00000000
277,2020-04-07,0.0019894,0.0020209,0.0019501,0.0019943,202961220.0,202961221.00000000
278,2020-04-08,0.0019966,0.0020426,0.001967,0.0020038,90384904.0,90384907.00000000
279,2020-04-09,0.0020037,0.0020454,0.0019852,0.0020151,89094020.0,89094012.00000000
280,2020-04-10,0.0020226,0.0020356,0.001873,0.001965,212989250.0,212989247.00000000
281,2020-04-11,0.0019654,0.00201,0.0019349,0.0019645,76732840.0,76732837.00000000
282,2020-04-12,0.001968,0.002012,0.0019392,0.0019673,114627900.0,114627907.00000000
283,2020-04-13,0.0019641,0.001976,0.0018598,0.0019533,185252290.0,185252284.00000000
284,2020-04-14,0.0019533,0.001977,0.0019315,0.0019656,67401910.0,67401911.00000000
285,2020-04-15,0.0019646,0.0019731,0.00189,0.0019061,143735230.0,143735234.00000000
286,2020-04-16,0.001903,0.00203,0.0018722,0.001995,151063710.0,151063706.00000000
287,2020-04-17,0.0020002,0.0020047,0.001974,0.001983,55401970.0,55401970.00000000
288,2020-04-18,0.0019886,0.0020962,0.00198,0.0020445,92775770.0,92775767.00000000
289,2020-04-19,0.0020463,0.0020722,0.0019977,0.0020313,70450536.0,70450538.00000000
290,2020-04-20,0.0020311,0.0020499,0.0019354,0.0019787,180876110.0,180876115.00000000
291,2020-04-21,0.0019688,0.002,0.00193,0.00195,85730980.0,85730979.00000000
292,2020-04-22,0.0019497,0.00205,0.0019425,0.0019957,72581200.0,72581197.00000000
293,2020-04-23,0.002,0.0021612,0.0019886,0.0020512,243115920.0,243115927.00000000
294,2020-04-24,0.0020449,0.0021075,0.0020431,0.0020832,75266360.0,75266362.00000000
295,2020-04-25,0.002083,0.0021533,0.0020682,0.0021245,173120540.0,173120551.00000000
296,2020-04-26,0.0021303,0.0024479,0.0021283,0.0024076,804586300.0,804586311.00000000
297,2020-04-27,0.0024032,0.0024137,0.0022821,0.0023456,475335000.0,475335023.00000000
298,2020-04-28,0.0023459,0.0023565,0.0023,0.002327,168260400.0,168260399.00000000
299,2020-04-29,0.0023178,0.002542,0.0023066,0.0024912,354821860.0,354821868.00000000
300,2020-04-30,0.0024912,0.0026904,0.0023585,0.002433,551825600.0,551825570.00000000
301,2020-05-01,0.0024225,0.0025466,0.0024176,0.0024749,220229950.0,220229951.00000000
302,2020-05-02,0.0024782,0.0025574,0.0024501,0.002542,148558130.0,148558121.00000000
303,2020-05-03,0.0025393,0.00258,0.00246,0.0025001,167590130.0,167590125.00000000
304,2020-05-04,0.0025011,0.0025094,0.0023375,0.0024605,151515340.0,151515338.00000000
305,2020-05-05,0.0024717,0.0025183,0.0024266,0.0024738,83336300.0,83336304.00000000
306,2020-05-06,0.0024776,0.0025623,0.0024572,0.0024801,180927490.0,180927494.00000000
307,2020-05-07,0.00248,0.0026975,0.002459,0.0026627,366483100.0,366483103.00000000
308,2020-05-08,0.0026632,0.0026894,0.00257,0.0026052,259386580.0,259386572.00000000
309,2020-05-09,0.0026157,0.0026453,0.00251,0.0026075,216543470.0,216543474.00000000
310,2020-05-10,0.0025986,0.0025986,0.0022425,0.0024602,321215100.0,321215093.00000000
311,2020-05-11,0.0024432,0.0025373,0.0022957,0.0024125,192928750.0,192928752.00000000
312,2020-05-12,0.0024045,0.0025132,0.0023993,0.0024606,107312600.0,107312600.00000000
313,2020-05-13,0.0024605,0.0025425,0.0024433,0.0025245,168041620.0,168041623.00000000
314,2020-05-14,0.0025191,0.00265,0.0025,0.0025813,315454850.0,315454837.00000000
315,2020-05-15,0.0025727,0.0025828,0.00246,0.0024888,126538136.0,126538135.00000000
316,2020-05-16,0.0025005,0.0025345,0.0024728,0.0025098,82487864.0,82487862.00000000
317,2020-05-17,0.0025084,0.00258,0.002502,0.0025331,103697260.0,103697263.00000000
318,2020-05-18,0.002525,0.0025899,0.0024987,0.0025379,93527060.0,93527053.00000000
319,2020-05-19,0.00254,0.0025775,0.0024903,0.0025487,90146890.0,90146889.00000000
320,2020-05-20,0.0025394,0.002566,0.0024588,0.0025002,152417730.0,152417725.00000000
321,2020-05-21,0.0025012,0.0025514,0.0024215,0.0024774,205051260.0,205051270.00000000
322,2020-05-22,0.002477,0.00255,0.0024627,0.0025175,107093980.0,107093984.00000000
323,2020-05-23,0.0025199,0.0025631,0.0024936,0.0025271,160030530.0,160030526.00000000
324,2020-05-24,0.0025356,0.002563,0.002435,0.0024461,160499200.0,160499199.00000000
325,2020-05-25,0.0024379,0.002548,0.00242,0.0025324,280489250.0,280489252.00000000
326,2020-05-26,0.0025251,0.0025329,0.0024571,0.0024781,186936700.0,186936703.00000000
327,2020-05-27,0.002478,0.0025186,0.0024499,0.0024998,176177360.0,176177359.00000000
328,2020-05-28,0.0024998,0.0025599,0.0024816,0.002523,256317250.0,256317241.00000000
329,2020-05-29,0.0025265,0.0025533,0.0024995,0.0025303,142622160.0,142622163.00000000
330,2020-05-30,0.0025302,0.0026299,0.002526,0.002618,217499970.0,217499962.00000000
331,2020-05-31,0.0026181,0.0026822,0.002543,0.0025599,164715800.0,164715811.00000000
332,2020-06-01,0.0025492,0.0027,0.0024997,0.0026452,291813950.0,291813951.00000000
333,2020-06-02,0.0026565,0.0026647,0.0024696,0.0025666,325981120.0,325981114.00000000
334,2020-06-03,0.002561,0.002596,0.0025177,0.0025867,130101540.0,130101538.00000000
335,2020-06-04,0.0025805,0.0026679,0.0025656,0.002623,326193440.0,326193437.00000000
336,2020-06-05,0.002623,0.0026288,0.00258,0.0025907,114071896.0,114071897.00000000
337,2020-06-06,0.0025834,0.0025999,0.0025507,0.0025926,101549790.0,101549796.00000000
338,2020-06-07,0.0025899,0.0026135,0.00255,0.0025987,132911620.0,132911616.00000000
339,2020-06-08,0.0025912,0.0026038,0.0025505,0.0025786,121989864.0,121989865.00000000
340,2020-06-09,0.0025848,0.0025888,0.00249,0.0025586,116938420.0,116938419.00000000
341,2020-06-10,0.0025586,0.0025953,0.0025409,0.0025761,113128220.0,113128228.00000000
342,2020-06-11,0.00258,0.0025938,0.0023801,0.0024463,169023970.0,169023974.00000000
343,2020-06-12,0.0024463,0.002525,0.0024351,0.0025,133287440.0,133287436.00000000
344,2020-06-13,0.002514,0.0025338,0.0024869,0.0025241,93631740.0,93631744.00000000
345,2020-06-14,0.0025135,0.0025319,0.002482,0.0024972,65658290.0,65658290.00000000
346,2020-06-15,0.0024886,0.0024941,0.0023963,0.0024743,147058750.0,147058752.00000000
347,2020-06-16,0.0024701,0.0024999,0.0024087,0.0024855,219496370.0,219496367.00000000
348,2020-06-17,0.0024856,0.0025024,0.0024445,0.0024806,136091680.0,136091681.00000000
349,2020-06-18,0.0024788,0.0024919,0.0024322,0.0024575,59137984.0,59137982.00000000
350,2020-06-19,0.002457,0.002468,0.0024256,0.0024399,84566590.0,84566591.00000000
351,2020-06-20,0.0024399,0.0024516,0.0023921,0.0024419,59266070.0,59266072.00000000
352,2020-06-21,0.0024466,0.0024658,0.0024277,0.0024295,84555176.0,84555177.00000000
353,2020-06-22,0.0024357,0.0025001,0.002432,0.0024731,118270150.0,118270150.00000000
354,2020-06-23,0.0024828,0.0024909,0.0024615,0.0024686,96686430.0,96686433.00000000
355,2020-06-24,0.0024775,0.0024867,0.0023772,0.0024193,124832540.0,124832546.00000000
356,2020-06-25,0.0024247,0.0024288,0.002378,0.0024081,73502900.0,73502899.00000000
357,2020-06-26,0.0024111,0.002417,0.0023465,0.0023593,69665976.0,69665977.00000000
358,2020-06-27,0.0023515,0.0023635,0.00227,0.0023045,94867690.0,94867690.00000000
359,2020-06-28,0.0023041,0.0023459,0.0022784,0.0023142,116394664.0,116394661.00000000
360,2020-06-29,0.0023194,0.00233,0.0022908,0.0023077,85385096.0,85385099.00000000
361,2020-06-30,0.002303,0.0023257,0.0022821,0.0023185,58330224.0,58330225.00000000
362,2020-07-01,0.0023101,0.0023709,0.0023,0.0023203,120676080.0,120676078.00000000
363,2020-07-02,0.0023251,0.0023498,0.0022839,0.002322,97986310.0,97986311.00000000
364,2020-07-03,0.0023172,0.0023345,0.0022882,0.0023139,76387880.0,76387879.00000000
365,2020-07-04,0.0023155,0.0023312,0.0022993,0.0023012,60368776.0,60368775.00000000
366,2020-07-05,0.0023033,0.002319,0.0022787,0.0023029,88706470.0,88706470.00000000
367,2020-07-06,0.0022988,0.002622,0.002293,0.0026193,461294900.0,461294907.00000000
368,2020-07-07,0.0026191,0.0032953,0.0025999,0.003136,3965388500.0,3965388549.00000000
369,2020-07-08,0.003136,0.0055999,0.00291,0.0047657,23657007000.0,23657008079.00000000
370,2020-07-09,0.0047626,0.0050594,0.00405,0.0043214,8645376000.0,8645375967.00000000
371,2020-07-10,0.0043225,0.0043334,0.0034001,0.0035313,7536785000.0,7536784753.00000000
372,2020-07-11,0.0035313,0.0039634,0.0034555,0.0038041,3661361200.0,3661361202.00000000
373,2020-07-12,0.0038109,0.0038501,0.0035799,0.0036358,1546255600.0,1546255634.00000000
374,2020-07-13,0.0036357,0.0036408,0.0029767,0.0031677,4007164400.0,4007164536.00000000
375,2020-07-14,0.0031587,0.00339,0.0030302,0.0032888,2316802000.0,2316802022.00000000
376,2020-07-15,0.0032911,0.0032911,0.003056,0.0030868,1386310000.0,1386310052.00000000
377,2020-07-16,0.0030954,0.003096,0.0028525,0.0029808,2070197800.0,2070197756.00000000
378,2020-07-17,0.0029808,0.00309,0.0029169,0.0030528,1885382300.0,1885382230.00000000
379,2020-07-18,0.0030528,0.00368,0.003013,0.003449,8332777000.0,8332776850.00000000
380,2020-07-19,0.0034488,0.0037789,0.0033104,0.0033811,3659586600.0,3659586603.00000000
381,2020-07-20,0.0033811,0.0034315,0.00314,0.0032201,1636616000.0,1636615889.00000000
382,2020-07-21,0.0032192,0.0033659,0.0031377,0.0032979,1188848900.0,1188848956.00000000
383,2020-07-22,0.0032978,0.003305,0.0032089,0.0032868,591711740.0,591711751.00000000
384,2020-07-23,0.0032917,0.003337,0.0032598,0.0032997,792908000.0,792908063.00000000
385,2020-07-24,0.0033035,0.0033114,0.0031465,0.0032113,824559000.0,824558980.00000000
386,2020-07-25,0.0032173,0.0033433,0.0031761,0.0032475,867588160.0,867588133.00000000
387,2020-07-26,0.003249,0.0032898,0.0031728,0.0032323,888157950.0,888157925.00000000
388,2020-07-27,0.0032374,0.0032441,0.0030019,0.0031694,1339892700.0,1339892681.00000000
389,2020-07-28,0.00317,0.003225,0.0031238,0.003188,649930750.0,649930752.00000000
390,2020-07-29,0.0031886,0.0033,0.0031542,0.0031663,675383800.0,675383829.00000000
391,2020-07-30,0.0031707,0.00325,0.0031334,0.0032281,523325860.0,523325865.00000000
392,2020-07-31,0.0032304,0.0032412,0.0031713,0.003224,632319200.0,632319202.00000000
393,2020-08-01,0.0032204,0.0039,0.0032001,0.0037144,4298724400.0,4298724372.00000000
394,2020-08-02,0.0037096,0.0037754,0.0031,0.0033312,2337347000.0,2337347018.00000000
395,2020-08-03,0.0033351,0.0034468,0.0032995,0.0033818,859800450.0,859800460.00000000
396,2020-08-04,0.0033828,0.0035746,0.0033608,0.0035458,1247440800.0,1247440791.00000000
397,2020-08-05,0.0035459,0.0035871,0.003449,0.0035028,1099317800.0,1099317757.00000000
398,2020-08-06,0.0035024,0.00365,0.00345,0.00356,908946100.0,908946142.00000000
399,2020-08-07,0.0035602,0.003617,0.003317,0.003496,886076000.0,886076044.00000000
400,2020-08-08,0.0034961,0.0035249,0.0033981,0.0035134,624969100.0,624969060.00000000
401,2020-08-09,0.0035179,0.00353,0.0034103,0.0034664,587442100.0,587442093.00000000
402,2020-08-10,0.0034677,0.0035559,0.0034089,0.0034952,826540350.0,826540351.00000000
403,2020-08-11,0.0034947,0.0035778,0.0033168,0.0033906,1215986200.0,1215986149.00000000
404,2020-08-12,0.0033873,0.0034965,0.0033165,0.0034606,829060700.0,829060692.00000000
405,2020-08-13,0.0034599,0.0035208,0.003335,0.0034877,1141424600.0,1141424689.00000000
406,2020-08-14,0.0034877,0.00359,0.0034334,0.0035731,852114300.0,852114289.00000000
407,2020-08-15,0.0035736,0.0036243,0.0034617,0.0035328,1065565900.0,1065565878.00000000
408,2020-08-16,0.0035319,0.0035583,0.0034382,0.0035302,756283300.0,756283319.00000000
409,2020-08-17,0.003526,0.0037238,0.0034927,0.0035877,1596549400.0,1596549440.00000000
410,2020-08-18,0.0035821,0.0037165,0.0034297,0.003476,1122350600.0,1122350625.00000000
411,2020-08-19,0.0034795,0.0035374,0.0033341,0.0034196,865075800.0,865075768.00000000
412,2020-08-20,0.0034197,0.0035043,0.0033711,0.0034399,483184320.0,483184322.00000000
413,2020-08-21,0.0034386,0.0035651,0.0033622,0.0033776,1082335200.0,1082335183.00000000
414,2020-08-22,0.0033808,0.0034605,0.0033201,0.0034331,663901300.0,663901289.00000000
415,2020-08-23,0.003431,0.0034562,0.0033607,0.0033955,449353280.0,449353268.00000000
416,2020-08-24,0.0033977,0.0034689,0.0033715,0.0034116,697239400.0,697239432.00000000
417,2020-08-25,0.003407,0.0034261,0.0032092,0.0032907,804352800.0,804352786.00000000
418,2020-08-26,0.0032896,0.0033461,0.0032323,0.0032939,573094900.0,573094887.00000000
419,2020-08-27,0.0032916,0.0033078,0.0031427,0.0031997,811879360.0,811879341.00000000
420,2020-08-28,0.0032017,0.0032687,0.0031678,0.0032637,414648220.0,414648220.00000000
421,2020-08-29,0.0032636,0.0032973,0.0032285,0.0032749,443081660.0,443081651.00000000
422,2020-08-30,0.0032751,0.003348,0.003261,0.0032981,456619300.0,456619299.00000000
423,2020-08-31,0.0032981,0.0033054,0.0031841,0.0032073,792397060.0,792397030.00000000
424,2020-09-01,0.0032061,0.0032784,0.0031519,0.0032411,728992060.0,728992095.00000000
425,2020-09-02,0.0032398,0.0032626,0.0030101,0.0031161,758139600.0,758139570.00000000
426,2020-09-03,0.0031185,0.0031265,0.0027,0.0027692,1202524200.0,1202524192.00000000
427,2020-09-04,0.0027704,0.0029632,0.0027006,0.0028797,1128781300.0,1128781264.00000000
428,2020-09-05,0.0028789,0.0029269,0.0026786,0.002764,1058743800.0,1058743832.00000000
429,2020-09-06,0.0027505,0.0028068,0.0026875,0.0027859,1165434200.0,1165434272.00000000
430,2020-09-07,0.0027814,0.0028373,0.002688,0.0028151,930536060.0,930536034.00000000
431,2020-09-08,0.0028188,0.0028386,0.0026742,0.002747,602845200.0,602845165.00000000
432,2020-09-09,0.0027455,0.002805,0.0026863,0.002779,603901400.0,603901405.00000000
433,2020-09-10,0.0027779,0.002848,0.0027522,0.0028077,589054600.0,589054621.00000000
434,2020-09-11,0.002806,0.00282,0.0027364,0.0027956,633511700.0,633511688.00000000
435,2020-09-12,0.0027952,0.0028321,0.00276,0.0028141,538072300.0,538072324.00000000
436,2020-09-13,0.002814,0.0028199,0.0027403,0.002783,736932800.0,736932793.00000000
437,2020-09-14,0.0027836,0.0028143,0.0027334,0.0027851,622069200.0,622069203.00000000
438,2020-09-15,0.0027876,0.0028699,0.0027751,0.0028278,837946940.0,837946931.00000000
439,2020-09-16,0.002827,0.00285,0.00278,0.0028053,718768300.0,718768350.00000000
440,2020-09-17,0.0028079,0.0028577,0.0027625,0.0028078,708422600.0,708422584.00000000
441,2020-09-18,0.0028047,0.002815,0.0027468,0.0027892,596841100.0,596841059.00000000
442,2020-09-19,0.0027876,0.0028099,0.0027635,0.0027901,896333700.0,896333697.00000000
443,2020-09-20,0.0027918,0.0028009,0.0027234,0.0027729,893231400.0,893231406.00000000
444,2020-09-21,0.0027732,0.0028035,0.0025688,0.0025972,1374012700.0,1374012637.00000000
445,2020-09-22,0.0025946,0.0026588,0.0025802,0.0026432,695672800.0,695672800.00000000
446,2020-09-23,0.002641,0.0026493,0.0025364,0.0025444,499113150.0,499113155.00000000
447,2020-09-24,0.0025403,0.0026612,0.0025277,0.0026297,388768320.0,388768314.00000000
448,2020-09-25,0.0026297,0.0027192,0.0026146,0.0027015,513362400.0,513362397.00000000
449,2020-09-26,0.0027044,0.002761,0.0026724,0.0026972,311169400.0,311169397.00000000
450,2020-09-27,0.0026973,0.0027351,0.0026581,0.0026954,236020660.0,236020657.00000000
451,2020-09-28,0.0026989,0.002744,0.0026183,0.0026504,360127840.0,360127848.00000000
452,2020-09-29,0.0026474,0.0027049,0.0026307,0.0026727,412130700.0,412130695.00000000
453,2020-09-30,0.0026726,0.0026767,0.0026158,0.002635,347857630.0,347857639.00000000
454,2020-10-01,0.0026361,0.002682,0.0025575,0.0026246,647138200.0,647138169.00000000
455,2020-10-02,0.0026272,0.0026273,0.0025307,0.0025902,1051902500.0,1051902545.00000000
456,2020-10-03,0.0025902,0.002637,0.0025737,0.0025955,344780800.0,344780813.00000000
457,2020-10-04,0.0025964,0.00268,0.0025893,0.002633,362664260.0,362664249.00000000
458,2020-10-05,0.0026328,0.0026577,0.0025983,0.0026182,293823600.0,293823603.00000000
459,2020-10-06,0.00262,0.0026285,0.0025687,0.002597,535191870.0,535191865.00000000
460,2020-10-07,0.0025969,0.0026111,0.002556,0.0025895,748742900.0,748742886.00000000
461,2020-10-08,0.0025881,0.00263,0.002541,0.0026098,612786370.0,612786395.00000000
462,2020-10-09,0.0026097,0.0026701,0.0025891,0.0026556,497901600.0,497901615.00000000
463,2020-10-10,0.002657,0.0027291,0.0026472,0.0026621,445615870.0,445615862.00000000
464,2020-10-11,0.0026583,0.0027065,0.0026499,0.0026701,251041490.0,251041495.00000000
465,2020-10-12,0.0026711,0.0027069,0.0026251,0.002667,421633280.0,421633283.00000000
466,2020-10-13,0.0026669,0.0026745,0.0026285,0.0026385,283366620.0,283366623.00000000
467,2020-10-14,0.0026353,0.0026609,0.0026173,0.002639,216681800.0,216681797.00000000
468,2020-10-15,0.002639,0.0026391,0.0025648,0.0025953,311443940.0,311443948.00000000
469,2020-10-16,0.0025953,0.0026243,0.0025511,0.002604,445955000.0,445955018.00000000
470,2020-10-17,0.0026029,0.0026091,0.0025733,0.0025834,142653200.0,142653202.00000000
471,2020-10-18,0.0025842,0.0026055,0.00258,0.0025874,159785870.0,159785875.00000000
472,2020-10-19,0.0025884,0.002622,0.002569,0.0025921,477390400.0,477390409.00000000
473,2020-10-20,0.002592,0.0026252,0.0025792,0.0025944,417212770.0,417212777.00000000
474,2020-10-21,0.0025956,0.00266,0.002593,0.002623,436248060.0,436248066.00000000
475,2020-10-22,0.002623,0.002693,0.0026159,0.002646,323059040.0,323059048.00000000
476,2020-10-23,0.0026453,0.0026889,0.0026225,0.0026423,242564000.0,242563993.00000000
477,2020-10-24,0.0026423,0.002647,0.00261,0.0026365,212440860.0,212440872.00000000
478,2020-10-25,0.0026354,0.0026749,0.002617,0.0026528,297054100.0,297054117.00000000
479,2020-10-26,0.0026529,0.0029115,0.002632,0.002665,1878752400.0,1878752405.00000000
480,2020-10-27,0.0026658,0.0027076,0.002615,0.0026702,577965200.0,577965198.00000000
481,2020-10-28,0.0026719,0.0026907,0.0025628,0.0025801,437955600.0,437955580.00000000
482,2020-10-29,0.00258,0.0026117,0.0025061,0.0025733,289596540.0,289596529.00000000
483,2020-10-30,0.0025726,0.0026002,0.002501,0.0025833,440794400.0,440794399.00000000
484,2020-10-31,0.0025833,0.0026004,0.00255,0.0025666,260150930.0,260150933.00000000
485,2020-11-01,0.0025676,0.002586,0.0025521,0.0025745,132635410.0,132635410.00000000
486,2020-11-02,0.0025765,0.0025887,0.0025065,0.0025162,291742980.0,291742975.00000000
487,2020-11-03,0.0025164,0.002531,0.0024519,0.0025141,332645000.0,332644991.00000000
488,2020-11-04,0.0025189,0.002565,0.002486,0.002546,279402300.0,279402291.00000000
489,2020-11-05,0.0025467,0.0026769,0.0025467,0.0026347,341107840.0,341107854.00000000
490,2020-11-06,0.002635,0.0028201,0.0026298,0.002757,922020800.0,922020782.00000000
491,2020-11-07,0.0027578,0.0028424,0.002592,0.00267,748360060.0,748360033.00000000
492,2020-11-08,0.0026724,0.002739,0.0026513,0.002707,244213600.0,244213598.00000000
493,2020-11-09,0.002707,0.0028095,0.002657,0.002672,438097280.0,438097273.00000000
494,2020-11-10,0.0026671,0.0029198,0.0026536,0.002761,807091400.0,807091404.00000000
495,2020-11-11,0.0027601,0.00295,0.0027419,0.002758,560505300.0,560505263.00000000
496,2020-11-12,0.00276,0.002802,0.0027253,0.0027788,209777180.0,209777176.00000000
497,2020-11-13,0.0027791,0.0028483,0.0027666,0.0028114,373289400.0,373289403.00000000
498,2020-11-14,0.0028156,0.0028239,0.002708,0.0027689,308002700.0,308002702.00000000
499,2020-11-15,0.0027731,0.0028285,0.0027221,0.0027718,323892540.0,323892550.00000000
500,2020-11-16,0.0027715,0.0030452,0.0027522,0.00289,1345726700.0,1345726687.00000000
501,2020-11-17,0.0028936,0.0030094,0.0028832,0.0029398,920887300.0,920887323.00000000
502,2020-11-18,0.0029385,0.003021,0.00281,0.0029085,1015668600.0,1015668627.00000000
503,2020-11-19,0.002909,0.0029689,0.0028549,0.0029068,567308700.0,567308685.00000000
504,2020-11-20,0.0029096,0.0030245,0.0029005,0.002987,880383940.0,880383945.00000000
505,2020-11-21,0.0029872,0.0036062,0.0029796,0.0035132,3288496000.0,3288496045.00000000
506,2020-11-22,0.0035091,0.00369,0.0031507,0.0033415,2121938700.0,2121938713.00000000
507,2020-11-23,0.0033416,0.0037,0.0032201,0.0036845,1981375000.0,1981374929.00000000
508,2020-11-24,0.0036894,0.0042925,0.0035,0.0042592,5893223400.0,5893223305.00000000
509,2020-11-25,0.0042589,0.0042978,0.003581,0.0037081,2828578300.0,2828578294.00000000
510,2020-11-26,0.0037139,0.0037979,0.0029395,0.0032492,3248357600.0,3248357755.00000000
511,2020-11-27,0.003256,0.0033656,0.0030763,0.0032752,1019204160.0,1019204144.00000000
512,2020-11-28,0.0032752,0.0034841,0.003236,0.0033945,715333100.0,715333106.00000000
513,2020-11-29,0.0033946,0.0035384,0.00335,0.0034365,577062460.0,577062454.00000000
514,2020-11-30,0.0034427,0.0035955,0.0034001,0.003561,847539300.0,847539304.00000000
515,2020-12-01,0.0035597,0.00358,0.0032276,0.0033211,1033683300.0,1033683299.00000000
516,2020-12-02,0.003324,0.0034423,0.0032642,0.0033624,591501060.0,591501037.00000000
517,2020-12-03,0.003365,0.0035481,0.003345,0.003429,662685200.0,662685216.00000000
518,2020-12-04,0.003423,0.0034484,0.0032705,0.003283,572169200.0,572169239.00000000
519,2020-12-05,0.0032821,0.0034153,0.00325,0.0033917,369424900.0,369424898.00000000
520,2020-12-06,0.003392,0.0034424,0.0033461,0.0033857,285729570.0,285729554.00000000
521,2020-12-07,0.0033881,0.0033985,0.0033,0.003336,312605800.0,312605787.00000000
522,2020-12-08,0.003336,0.0033624,0.0031105,0.0031723,521543500.0,521543481.00000000
523,2020-12-09,0.0031725,0.0031851,0.0030037,0.0031562,441109950.0,441109948.00000000
524,2020-12-10,0.0031563,0.003171,0.003059,0.0031043,268351650.0,268351654.00000000
525,2020-12-11,0.0031091,0.0031171,0.0029969,0.0030732,328458780.0,328458778.00000000
526,2020-12-12,0.0030732,0.00319,0.0030732,0.0031609,334526080.0,334526072.00000000
527,2020-12-13,0.0031631,0.0032776,0.0031479,0.00326,374401340.0,374401350.00000000
528,2020-12-14,0.0032604,0.0032888,0.003191,0.003226,297347300.0,297347285.00000000
529,2020-12-15,0.003225,0.0032516,0.0031611,0.0032078,273863840.0,273863826.00000000
530,2020-12-16,0.0032073,0.0034448,0.00318,0.0034183,547786100.0,547786094.00000000
531,2020-12-17,0.0034179,0.0041458,0.003404,0.003722,3421588200.0,3421588199.00000000
532,2020-12-18,0.0037182,0.0039976,0.0035975,0.0038675,1409796600.0,1409796634.00000000
533,2020-12-19,0.0038646,0.0040379,0.0037952,0.0039291,1386297500.0,1386297504.00000000
534,2020-12-20,0.0039264,0.0047496,0.0038,0.0046381,10007396000.0,10007395897.00000000
535,2020-12-21,0.0046405,0.0055,0.004255,0.0047784,10363901000.0,10363901378.00000000
536,2020-12-22,0.0047747,0.0048479,0.00433,0.0045159,2679851500.0,2679851524.00000000
537,2020-12-23,0.0045168,0.0048,0.003623,0.0037449,2674249500.0,2674249457.00000000
538,2020-12-24,0.0037561,0.0045999,0.0036599,0.0045731,1978566800.0,1978566747.00000000
539,2020-12-25,0.0045753,0.004643,0.0043661,0.0045549,1664864600.0,1664864616.00000000
540,2020-12-26,0.0045607,0.0046879,0.0043963,0.0045131,1701026400.0,1701026447.00000000
541,2020-12-27,0.004513,0.0048231,0.0044,0.004547,1843249800.0,1843249775.00000000
542,2020-12-28,0.0045472,0.0047355,0.0045,0.0046015,1074600100.0,1074600031.00000000
543,2020-12-29,0.0046015,0.0046295,0.0042412,0.0045012,1071755840.0,1071755865.00000000
544,2020-12-30,0.0044901,0.00474,0.0044165,0.0046251,1118987800.0,1118987751.00000000
545,2020-12-31,0.0046251,0.0047593,0.00452,0.0046709,929996000.0,929996060.00000000
546,2021-01-01,0.0046716,0.005697,0.004601,0.00568,3019718000.0,3019717963.00000000
547,2021-01-02,0.0056783,0.013988,0.005524,0.0105264,46333346000.0,46333347255.00000000
548,2021-01-03,0.0105245,0.01405,0.0092693,0.0098209,29648808000.0,29648808916.00000000
549,2021-01-04,0.0098188,0.0115198,0.0076,0.0097613,14328029000.0,14328029441.00000000
550,2021-01-05,0.0097721,0.0102822,0.0088501,0.00997,5427135500.0,5427135672.00000000
551,2021-01-06,0.0099771,0.011,0.0095521,0.01042,6108894700.0,6108894506.00000000
552,2021-01-07,0.0104187,0.0105735,0.0087999,0.0097439,3523998000.0,3523998014.00000000
553,2021-01-08,0.0097517,0.010318,0.0088047,0.00974,2971766500.0,2971766597.00000000
554,2021-01-09,0.0097475,0.01079,0.0096486,0.0101789,3706408200.0,3706408260.00000000
555,2021-01-10,0.010189,0.0109155,0.0089534,0.00982,3113406000.0,3113405972.00000000
556,2021-01-11,0.0098162,0.0098455,0.0067094,0.0088326,5827520500.0,5827520561.00000000
557,2021-01-12,0.0088104,0.0091394,0.0078217,0.0080807,2526092800.0,2526092815.00000000
558,2021-01-13,0.0080806,0.0087,0.00777,0.0086738,1818357000.0,1818357046.00000000
559,2021-01-14,0.008679,0.0101,0.0083105,0.0093907,4000190200.0,4000190243.00000000
560,2021-01-15,0.0093931,0.0098443,0.0083123,0.0093525,3236586000.0,3236586057.00000000
561,2021-01-16,0.0093568,0.0095675,0.0090727,0.0092374,1640096300.0,1640096206.00000000
562,2021-01-17,0.0092374,0.0093957,0.008779,0.0090987,1438377600.0,1438377582.00000000
563,2021-01-18,0.0090987,0.00932,0.008935,0.0091782,1156154800.0,1156154741.00000000
564,2021-01-19,0.0091782,0.0096757,0.00896,0.0090428,1749440400.0,1749440421.00000000
565,2021-01-20,0.0090428,0.009144,0.0085,0.0090487,1162054100.0,1162054114.00000000
566,2021-01-21,0.0090589,0.0091,0.0080301,0.0081581,1237702900.0,1237702943.00000000
567,2021-01-22,0.0081581,0.0087708,0.0075639,0.0085075,1152694000.0,1152693965.00000000
568,2021-01-23,0.0085092,0.0088324,0.00835,0.0085779,718712200.0,718712164.00000000
569,2021-01-24,0.0085822,0.0089672,0.0085,0.0087135,901503200.0,901503263.00000000
570,2021-01-25,0.0087206,0.0089172,0.0081795,0.0083509,998144100.0,998144121.00000000
571,2021-01-26,0.0083341,0.0084615,0.0079523,0.0082472,719489000.0,719489035.00000000
572,2021-01-27,0.0082472,0.0082482,0.007257,0.0074124,1121405200.0,1121405247.00000000
573,2021-01-28,0.0074104,0.0374849,0.007288,0.0364995,102989790000.0,102989795103.00000000
574,2021-01-29,0.036442,0.0875,0.0313,0.0459059,109073695000.0,109073693231.00000000
575,2021-01-30,0.0459059,0.0508804,0.0222001,0.02826,54559388000.0,54559388569.00000000
576,2021-01-31,0.0282428,0.0494843,0.0267661,0.037,44577796000.0,44577797729.00000000
577,2021-02-01,0.0369623,0.0438268,0.0328615,0.0348173,23868439000.0,23868437622.00000000
578,2021-02-02,0.0348233,0.035294,0.02877,0.0313489,11550249000.0,11550248752.00000000
579,2021-02-03,0.0313489,0.0397836,0.0307918,0.0372597,12960787000.0,12960787222.00000000
580,2021-02-04,0.0372327,0.0598,0.0358367,0.0529081,48795644000.0,48795642519.00000000
581,2021-02-05,0.0528149,0.05434,0.0431516,0.0467193,16560079000.0,16560079172.00000000
582,2021-02-06,0.0467527,0.0588683,0.0444191,0.0576559,17252485000.0,17252485844.00000000
583,2021-02-07,0.0576579,0.087297,0.0531446,0.0779247,38837846000.0,38837846298.00000000
584,2021-02-08,0.0779851,0.0853555,0.0622214,0.0787,26387020000.0,26387019347.00000000
585,2021-02-09,0.0787384,0.0838001,0.063,0.0700121,14602699000.0,14602698981.00000000
586,2021-02-10,0.0700122,0.0816496,0.066,0.0725527,14156313000.0,14156312430.00000000
587,2021-02-11,0.0725523,0.0755622,0.068,0.069583,6327154000.0,6327153991.00000000
588,2021-02-12,0.0695853,0.07298,0.0608,0.0697675,7517732400.0,7517732599.00000000
589,2021-02-13,0.069778,0.071709,0.0656,0.0662405,3844449300.0,3844449349.00000000
590,2021-02-14,0.0662372,0.0664663,0.055558,0.0626783,8229158400.0,8229158262.00000000
591,2021-02-15,0.0626878,0.0642,0.0474935,0.0565,11321002000.0,11321001492.00000000
592,2021-02-16,0.0564643,0.0598452,0.0506003,0.053476,6643077600.0,6643077510.00000000
593,2021-02-17,0.0535231,0.055109,0.0478,0.0495187,6168131000.0,6168131231.00000000
594,2021-02-18,0.0494987,0.0645617,0.0489,0.0587991,13034098000.0,13034098004.00000000
595,2021-02-19,0.0587991,0.059719,0.0536581,0.055033,6405565000.0,6405564988.00000000
596,2021-02-20,0.055033,0.0607,0.051,0.0541708,7359009300.0,7359009281.00000000
597,2021-02-21,0.0541567,0.06,0.05325,0.0560183,5548376600.0,5548376495.00000000
598,2021-02-22,0.0559921,0.0608037,0.0461003,0.0535557,8420499000.0,8420498923.00000000
599,2021-02-23,0.0536093,0.0538776,0.0413332,0.0476562,5958874600.0,5958874372.00000000
600,2021-02-24,0.047692,0.060586,0.0459034,0.0567911,11172353000.0,11172353520.00000000
601,2021-02-25,0.0567907,0.0581,0.0495002,0.0499138,4913047600.0,4913047375.00000000
602,2021-02-26,0.0499157,0.0526032,0.0484,0.0504768,3147923700.0,3147923785.00000000
603,2021-02-27,0.0504727,0.0521,0.0491,0.0500725,2268877300.0,2268877377.00000000
604,2021-02-28,0.0500705,0.0502426,0.0446561,0.0481582,2384823600.0,2384823456.00000000
605,2021-03-01,0.0481447,0.052505,0.0478589,0.0505933,2752580400.0,2752580452.00000000
606,2021-03-02,0.0505754,0.05249,0.0491004,0.050364,2378364200.0,2378364146.00000000
607,2021-03-03,0.0504021,0.0521972,0.0499556,0.0504146,1841086100.0,1841086026.00000000
608,2021-03-04,0.0504337,0.0511539,0.04765,0.0499865,1943532000.0,1943532071.00000000
609,2021-03-05,0.0499866,0.051079,0.0479661,0.0495285,1714962800.0,1714962753.00000000
610,2021-03-06,0.0495247,0.0525801,0.049084,0.0509588,2749264600.0,2749264710.00000000
611,2021-03-07,0.0509242,0.0524716,0.0504286,0.0519871,1494562700.0,1494562661.00000000
612,2021-03-08,0.0519481,0.063075,0.0515505,0.0629738,7572972000.0,7572972187.00000000
613,2021-03-09,0.0629582,0.0630025,0.056,0.0579117,4412560000.0,4412560062.00000000
614,2021-03-10,0.0579432,0.0587592,0.0545,0.0558692,2390747000.0,2390746818.00000000
615,2021-03-11,0.0558831,0.05698,0.0542647,0.0559286,1647182700.0,1647182774.00000000
616,2021-03-12,0.0559117,0.057,0.054051,0.0552731,1821925200.0,1821925239.00000000
617,2021-03-13,0.0552769,0.063,0.0546635,0.0627892,3660176600.0,3660176589.00000000
618,2021-03-14,0.0627887,0.0636789,0.05817,0.058221,5115194000.0,5115194076.00000000
619,2021-03-15,0.058221,0.0597745,0.055,0.0569691,2409422600.0,2409422648.00000000
620,2021-03-16,0.0570152,0.0591427,0.0552668,0.0586507,2003574100.0,2003574159.00000000
621,2021-03-17,0.0586389,0.0589584,0.0565314,0.057892,1162146800.0,1162146770.00000000
622,2021-03-18,0.0578925,0.0592896,0.0568896,0.0573485,1338099000.0,1338098958.00000000
623,2021-03-19,0.0573629,0.0599,0.0563741,0.0582472,1691688800.0,1691688848.00000000
624,2021-03-20,0.0582624,0.060625,0.05797,0.0588186,1939829200.0,1939829246.00000000
625,2021-03-21,0.0588396,0.0595555,0.0567,0.0574781,1204264000.0,1204263965.00000000
626,2021-03-22,0.0574888,0.0579777,0.0544234,0.054888,1270767000.0,1270766976.00000000
627,2021-03-23,0.0548901,0.0561052,0.0525963,0.0533532,1437944700.0,1437944729.00000000
628,2021-03-24,0.0534234,0.0567995,0.05075,0.0514996,1666398100.0,1666398121.00000000
629,2021-03-25,0.0514996,0.0524498,0.0495798,0.051266,1665397600.0,1665397693.00000000
630,2021-03-26,0.051266,0.054038,0.051232,0.053931,873797500.0,873797527.00000000
631,2021-03-27,0.0539203,0.05545,0.053386,0.054436,1176365200.0,1176365221.00000000
632,2021-03-28,0.054422,0.0549,0.0529496,0.0536656,675382140.0,675382127.00000000
633,2021-03-29,0.0536634,0.0547123,0.053202,0.054124,977387400.0,977387405.00000000
634,2021-03-30,0.054124,0.0556267,0.053328,0.0540003,1399307600.0,1399307591.00000000
635,2021-03-31,0.0540014,0.0545,0.0513424,0.0537699,1085164200.0,1085164149.00000000
636,2021-04-01,0.0537835,0.07135,0.0534999,0.062151,15242022000.0,15242021778.00000000
637,2021-04-02,0.0621509,0.062905,0.0572,0.0575849,3415467000.0,3415466916.00000000
638,2021-04-03,0.0575887,0.0595516,0.0555,0.0555113,2066362800.0,2066362739.00000000
639,2021-04-04,0.0555,0.0582181,0.0550864,0.0573943,1563798700.0,1563798693.00000000
640,2021-04-05,0.0573806,0.0607069,0.0562315,0.0599992,2638869000.0,2638868932.00000000
641,2021-04-06,0.0599779,0.066,0.0579904,0.0644047,4762149000.0,4762148739.00000000
642,2021-04-07,0.0644047,0.06744,0.0571267,0.0587769,4840051700.0,4840051853.00000000
643,2021-04-08,0.058777,0.062324,0.0586319,0.0617838,1745571700.0,1745571706.00000000
644,2021-04-09,0.0617837,0.0642733,0.0604712,0.0615878,2149603000.0,2149603024.00000000
645,2021-04-10,0.0616103,0.0657518,0.0609445,0.0637167,2780510200.0,2780510108.00000000
646,2021-04-11,0.0637167,0.08,0.0633959,0.07433,14967931000.0,14967931146.00000000
647,2021-04-12,0.0743335,0.0754791,0.0685,0.0707343,4300356000.0,4300356226.00000000
648,2021-04-13,0.0707001,0.0962255,0.0706409,0.094402,13605840000.0,13605840277.00000000
649,2021-04-14,0.0944011,0.1453955,0.092118,0.1214329,36680990000.0,36680989724.00000000
650,2021-04-15,0.1214319,0.1918922,0.1197878,0.1823599,24615970000.0,24615971220.00000000
651,2021-04-16,0.1825003,0.45,0.1791,0.3654434,57510543000.0,57510545356.00000000
652,2021-04-17,0.3653855,0.38125,0.231,0.2822532,24857057000.0,24857057931.00000000
653,2021-04-18,0.2824945,0.351,0.2397,0.3223299,18379866000.0,18379866877.00000000
654,2021-04-19,0.3225953,0.435546,0.308,0.408903,20873394000.0,20873394140.00000000
655,2021-04-20,0.4088997,0.4246216,0.27,0.3173205,20969142000.0,20969142688.00000000
656,2021-04-21,0.3173205,0.347661,0.2960052,0.3058251,9460395000.0,9460395395.00000000
657,2021-04-22,0.3058074,0.3093988,0.253,0.2606615,11199121000.0,11199121834.00000000
658,2021-04-23,0.2606616,0.2695,0.1597278,0.2498155,17170003000.0,17170003022.00000000
659,2021-04-24,0.2499997,0.28999,0.2278,0.27,10626243000.0,10626242110.00000000
660,2021-04-25,0.2700802,0.289296,0.224,0.25159,5726007300.0,5726007353.39999962
661,2021-04-26,0.25159,0.28077,0.247,0.27161,4881379000.0,4881379028.60000038
662,2021-04-27,0.27161,0.27994,0.2644,0.27232,3367213000.0,3367212939.40000010
663,2021-04-28,0.27227,0.348,0.25511,0.32311,13418044000.0,13418044375.10000038
664,2021-04-29,0.32321,0.32604,0.2955,0.30479,4149329400.0,4149329330.80000019
665,2021-04-30,0.30479,0.34,0.30213,0.33746,4042637000.0,4042637011.80000019
666,2021-05-01,0.33746,0.3975,0.32756,0.39087,7062340600.0,7062340392.19999981
667,2021-05-02,0.39086,0.39999,0.362,0.37397,5092764000.0,5092764030.10000038
668,2021-05-03,0.37459,0.4479,0.37386,0.44142,6428015000.0,6428014853.89999962
669,2021-05-04,0.44142,0.61186,0.3979,0.53854,21282558000.0,21282557921.90000153
670,2021-05-05,0.53854,0.69663,0.51668,0.654,19076895000.0,19076895175.70000076
671,2021-05-06,0.654,0.665,0.54,0.58106,8546432000.0,8546432048.69999981
672,2021-05-07,0.58099,0.733,0.51717,0.68982,12586269000.0,12586268621.29999924
673,2021-05-08,0.68982,0.73995,0.6,0.63708,11387955000.0,11387955620.79999924
674,2021-05-09,0.63708,0.70009,0.416,0.57063,26072068000.0,26072068896.00000000
675,2021-05-10,0.57082,0.5726,0.41844,0.45074,9677355000.0,9677354634.39999962
676,2021-05-11,0.4505,0.5485,0.4429,0.49326,7553577500.0,7553577270.19999981
677,2021-05-12,0.49353,0.522,0.38203,0.3916,5372061000.0,5372061299.60000038
678,2021-05-13,0.39142,0.52,0.3516,0.48945,10449388000.0,10449387293.89999962
679,2021-05-14,0.48927,0.59,0.46412,0.55971,10623297000.0,10623296337.00000000
680,2021-05-15,0.5599,0.56405,0.49009,0.50855,5232752000.0,5232752313.50000000
681,2021-05-16,0.50838,0.5489,0.45,0.5137,5377122000.0,5377121653.30000019
682,2021-05-17,0.51371,0.5162,0.45555,0.4875,4268994000.0,4268994077.09999990
683,2021-05-18,0.48745,0.51536,0.46783,0.47574,3039758600.0,3039758659.19999981
684,2021-05-19,0.47574,0.4794,0.21111,0.32945,11489908000.0,11489907654.39999962
685,2021-05-20,0.32972,0.435,0.29402,0.39758,8529470500.0,8529470589.60000038
686,2021-05-21,0.39747,0.41198,0.31357,0.35778,5243254300.0,5243254333.50000000
687,2021-05-22,0.35778,0.364,0.31672,0.34199,3793145600.0,3793145642.69999981
688,2021-05-23,0.34199,0.35094,0.24782,0.30633,5634274300.0,5634274411.30000019
689,2021-05-24,0.30623,0.375,0.29511,0.36589,4854625300.0,4854625486.10000038
690,2021-05-25,0.36589,0.38,0.32141,0.34598,3709320000.0,3709319825.90000010
691,2021-05-26,0.34597,0.36671,0.33632,0.35284,2385684200.0,2385684153.69999981
692,2021-05-27,0.35291,0.35309,0.327,0.33403,1794158100.0,1794158136.59999990
693,2021-05-28,0.33404,0.34754,0.30052,0.31123,2620384800.0,2620384686.80000019
694,2021-05-29,0.31122,0.31794,0.28,0.3028,2016681100.0,2016681043.40000010
695,2021-05-30,0.30273,0.31079,0.28653,0.30179,1514854300.0,1514854219.59999990
696,2021-05-31,0.30179,0.32991,0.29386,0.32557,1897905300.0,1897905257.40000010
697,2021-06-01,0.32558,0.38476,0.31121,0.37006,4488852000.0,4488851727.39999962
698,2021-06-02,0.37007,0.44834,0.3511,0.42338,8351828000.0,8351828077.50000000
699,2021-06-03,0.42344,0.442,0.37722,0.40078,5070742000.0,5070741840.69999981
700,2021-06-04,0.40078,0.40249,0.35,0.37628,4035854600.0,4035854544.90000010
701,2021-06-05,0.37628,0.395,0.35974,0.3713,2396911000.0,2396911157.09999990
702,2021-06-06,0.3713,0.37703,0.36634,0.37143,1194622700.0,1194622756.00000000
703,2021-06-07,0.37143,0.37999,0.3275,0.33146,2064211600.0,2064211543.40000010
704,2021-06-08,0.3315,0.34183,0.29526,0.32586,2908803600.0,2908803652.90000010
705,2021-06-09,0.32592,0.3548,0.31227,0.34318,2068160000.0,2068160059.00000000
706,2021-06-10,0.34323,0.34515,0.3225,0.32606,1348789900.0,1348789846.50000000
707,2021-06-11,0.32613,0.3338,0.31069,0.3187,1204137000.0,1204137023.40000010
708,2021-06-12,0.31874,0.31932,0.3,0.31216,1217468400.0,1217468360.09999990
709,2021-06-13,0.31221,0.33,0.30744,0.32394,1042596030.0,1042596039.79999995
710,2021-06-14,0.32392,0.33777,0.32,0.32767,1310350000.0,1310349921.90000010
711,2021-06-15,0.32769,0.33069,0.31642,0.32028,1015598500.0,1015598512.10000002
712,2021-06-16,0.32025,0.32146,0.30505,0.30775,888434900.0,888434880.89999998
713,2021-06-17,0.30774,0.31413,0.3026,0.30619,680701250.0,680701230.20000005
714,2021-06-18,0.30619,0.30766,0.28,0.29328,1314700200.0,1314700190.70000005
715,2021-06-19,0.29321,0.29791,0.28558,0.28567,624846000.0,624846001.39999998
716,2021-06-20,0.28563,0.28988,0.2551,0.28054,1528605000.0,1528605029.50000000
717,2021-06-21,0.28054,0.28138,0.1649,0.17873,7023706600.0,7023706752.60000038
718,2021-06-22,0.17873,0.2174,0.16322,0.19072,7520083500.0,7520083611.80000019
719,2021-06-23,0.19075,0.2485,0.18046,0.23468,5839514000.0,5839514040.00000000
720,2021-06-24,0.23475,0.26953,0.222,0.26377,3579999000.0,3579998951.19999981
721,2021-06-25,0.26374,0.28959,0.22886,0.23745,5942192600.0,5942192455.50000000
722,2021-06-26,0.23748,0.2554,0.23057,0.24583,2653188900.0,2653188955.59999990
723,2021-06-27,0.24583,0.26753,0.24002,0.2645,1968559400.0,1968559379.59999990
724,2021-06-28,0.26462,0.26735,0.2505,0.25707,1734504400.0,1734504424.79999995
725,2021-06-29,0.25709,0.27573,0.25248,0.26349,1927372400.0,1927372368.09999990
726,2021-06-30,0.26349,0.26391,0.23778,0.25391,1610075600.0,1610075649.00000000
727,2021-07-01,0.2539,0.2614,0.23817,0.24381,2253058600.0,2253058516.90000010
728,2021-07-02,0.2438,0.24916,0.23839,0.24505,1081847400.0,1081847381.59999990
729,2021-07-03,0.24498,0.25039,0.242,0.24636,759251100.0,759251070.10000002
730,2021-07-04,0.24634,0.253,0.24324,0.24643,823044160.0,823044174.70000005
731,2021-07-05,0.24636,0.249,0.22547,0.2311,1181584900.0,1181584860.29999995
732,2021-07-06,0.23117,0.2423,0.22931,0.23417,981368400.0,981368400.50000000
733,2021-07-07,0.23418,0.23862,0.22084,0.22386,952129900.0,952129896.60000002
734,2021-07-08,0.22386,0.22481,0.20148,0.2069,1487061400.0,1487061330.09999990
735,2021-07-09,0.20708,0.22986,0.19521,0.21963,2291127800.0,2291127903.50000000
736,2021-07-10,0.21966,0.22812,0.2097,0.21375,919482900.0,919482894.50000000
737,2021-07-11,0.21376,0.21917,0.21061,0.21597,551263170.0,551263176.39999998
738,2021-07-12,0.21597,0.219,0.20394,0.20775,805441340.0,805441341.20000005
739,2021-07-13,0.20776,0.20893,0.19749,0.19997,916221250.0,916221269.89999998
740,2021-07-14,0.19995,0.20479,0.18725,0.19761,1247947100.0,1247947078.40000010
741,2021-07-15,0.19759,0.20089,0.18051,0.18534,966797100.0,966797093.29999995
742,2021-07-16,0.18534,0.18833,0.17118,0.17202,1185633700.0,1185633674.20000005
743,2021-07-17,0.17203,0.2053,0.16884,0.18734,2572720600.0,2572720766.90000010
744,2021-07-18,0.18738,0.19605,0.18019,0.18157,1344894100.0,1344894101.59999990
745,2021-07-19,0.18156,0.18429,0.17025,0.17362,1079953400.0,1079953391.40000010
746,2021-07-20,0.17362,0.17997,0.15988,0.17047,1865041900.0,1865041957.20000005
747,2021-07-21,0.17048,0.21442,0.16836,0.19046,4505979400.0,4505979384.19999981
748,2021-07-22,0.19045,0.19646,0.18632,0.19123,1393922200.0,1393922167.50000000
749,2021-07-23,0.19119,0.19977,0.18292,0.19489,1352326700.0,1352326692.40000010
750,2021-07-24,0.1949,0.2045,0.19117,0.19688,1627615700.0,1627615706.20000005
751,2021-07-25,0.19689,0.20076,0.19105,0.19793,1122436200.0,1122436168.59999990
752,2021-07-26,0.19788,0.23314,0.19679,0.20362,4546455600.0,4546455511.80000019
753,2021-07-27,0.20363,0.2095,0.19506,0.20585,2030159600.0,2030159664.40000010
754,2021-07-28,0.20586,0.21386,0.20161,0.20574,1698684400.0,1698684418.59999990
755,2021-07-29,0.20571,0.20664,0.2003,0.20502,875707700.0,875707720.79999995
756,2021-07-30,0.20503,0.21065,0.19587,0.20873,1260492000.0,1260492016.29999995
757,2021-07-31,0.20872,0.2145,0.20476,0.20765,1177482500.0,1177482439.70000005
758,2021-08-01,0.20764,0.21799,0.20082,0.20424,1550637700.0,1550637730.20000005
759,2021-08-02,0.2042,0.20998,0.2018,0.20327,896401100.0,896401081.29999995
760,2021-08-03,0.20325,0.2051,0.1931,0.19626,977103200.0,977103235.10000002
761,2021-08-04,0.19626,0.20326,0.19416,0.20153,873261000.0,873261017.39999998
762,2021-08-05,0.20152,0.20258,0.1943,0.20095,946707300.0,946707300.60000002
763,2021-08-06,0.20094,0.212,0.19841,0.20482,1263420300.0,1263420290.40000010
764,2021-08-07,0.20482,0.2628,0.20358,0.26189,5158339000.0,5158338816.19999981
765,2021-08-08,0.26184,0.28377,0.235,0.23996,5791159000.0,5791158603.50000000
766,2021-08-09,0.23996,0.26666,0.23048,0.25609,3702865200.0,3702865258.59999990
767,2021-08-10,0.2561,0.26321,0.24513,0.25732,2588076500.0,2588076619.59999990
768,2021-08-11,0.25734,0.28295,0.25626,0.26445,3712761000.0,3712761104.69999981
769,2021-08-12,0.26448,0.2949,0.25165,0.26401,3923287600.0,3923287429.80000019
770,2021-08-13,0.26405,0.28756,0.26121,0.28667,2142420200.0,2142420241.29999995
771,2021-08-14,0.2867,0.29864,0.2757,0.29402,3131790600.0,3131790645.40000010
772,2021-08-15,0.29399,0.3495,0.2862,0.33984,4964816000.0,4964816125.00000000
773,2021-08-16,0.33996,0.3517,0.31001,0.31956,4130699000.0,4130699106.80000019
774,2021-08-17,0.31946,0.34021,0.29452,0.29933,3520234500.0,3520234606.50000000
775,2021-08-18,0.2993,0.325,0.2775,0.3032,4089557800.0,4089557667.19999981
776,2021-08-19,0.30321,0.31943,0.29355,0.31778,2386616300.0,2386616242.50000000
777,2021-08-20,0.31777,0.3364,0.31373,0.32733,2177518000.0,2177517962.30000019
778,2021-08-21,0.32733,0.33,0.31313,0.31662,1751965700.0,1751965697.20000005
779,2021-08-22,0.31666,0.32159,0.305,0.31467,1401118600.0,1401118643.79999995
780,2021-08-23,0.31467,0.328,0.3128,0.31783,1842154200.0,1842154214.40000010
781,2021-08-24,0.31775,0.31968,0.27433,0.28864,2336380700.0,2336380653.80000019
782,2021-08-25,0.28862,0.29789,0.27948,0.29255,1658742100.0,1658742148.79999995
783,2021-08-26,0.29254,0.29645,0.2641,0.2684,1401204900.0,1401204832.09999990
784,2021-08-27,0.2684,0.2951,0.265,0.2944,1345067800.0,1345067751.70000005
785,2021-08-28,0.2944,0.2995,0.283,0.286,813242400.0,813242385.10000002
786,2021-08-29,0.286,0.2918,0.2764,0.2809,758831400.0,758831427.00000000
787,2021-08-30,0.2809,0.2905,0.2698,0.272,994923900.0,994923907.00000000
788,2021-08-31,0.2719,0.286,0.2696,0.2781,994391600.0,994391602.00000000
789,2021-09-01,0.2782,0.295,0.2728,0.2943,1077645200.0,1077645215.00000000
790,2021-09-02,0.2944,0.31,0.2917,0.2947,1859879700.0,1859879704.70000005
791,2021-09-03,0.2946,0.3047,0.287,0.2961,1248795100.0,1248795134.00000000
792,2021-09-04,0.2961,0.3087,0.2929,0.2992,1170386600.0,1170386591.00000000
793,2021-09-05,0.2993,0.3155,0.296,0.3143,1273101200.0,1273101183.70000005
794,2021-09-06,0.3144,0.3199,0.2997,0.309,1327741300.0,1327741283.09999990
795,2021-09-07,0.3091,0.3114,0.2145,0.2552,4143609600.0,4143609594.09999990
796,2021-09-08,0.2553,0.2635,0.2332,0.2567,2036725800.0,2036725778.00000000
797,2021-09-09,0.2566,0.2597,0.2486,0.2525,972908700.0,972908690.00000000
798,2021-09-10,0.2525,0.262,0.2353,0.2397,1039971900.0,1039971873.00000000
799,2021-09-11,0.2398,0.2479,0.2376,0.241,574961340.0,574961334.00000000
800,2021-09-12,0.241,0.2551,0.2387,0.2502,824439500.0,824439503.00000000
801,2021-09-13,0.2504,0.2523,0.2281,0.2358,1194502500.0,1194502511.00000000
802,2021-09-14,0.2359,0.2417,0.2335,0.2406,600777340.0,600777341.00000000
803,2021-09-15,0.2406,0.2484,0.2388,0.2476,624731900.0,624731884.00000000
804,2021-09-16,0.2477,0.2479,0.2329,0.2418,767085700.0,767085717.00000000
805,2021-09-17,0.2419,0.2599,0.2373,0.2401,1532347300.0,1532347235.00000000
806,2021-09-18,0.2401,0.2474,0.2379,0.2413,532008960.0,532008968.00000000
807,2021-09-19,0.2414,0.2415,0.2307,0.2331,486273020.0,486273037.00000000
808,2021-09-20,0.2331,0.2335,0.1988,0.2086,1842218200.0,1842218251.90000010
809,2021-09-21,0.2086,0.2185,0.1976,0.2009,1475472600.0,1475472637.79999995
810,2021-09-22,0.2008,0.2304,0.1999,0.2245,1505717100.0,1505717159.70000005
811,2021-09-23,0.2244,0.2273,0.2175,0.2246,809134800.0,809134784.00000000
812,2021-09-24,0.2245,0.2291,0.1965,0.2091,1446332200.0,1446332143.90000010
813,2021-09-25,0.2092,0.214,0.2043,0.2083,648108350.0,648108334.00000000
814,2021-09-26,0.2084,0.2089,0.194,0.205,778024900.0,778024870.70000005
815,2021-09-27,0.205,0.2093,0.1996,0.1997,447272400.0,447272392.00000000
816,2021-09-28,0.1998,0.2027,0.196,0.1965,478010100.0,478010126.00000000
817,2021-09-29,0.1966,0.2043,0.1946,0.1987,508197900.0,508197881.00000000
818,2021-09-30,0.1987,0.206,0.1976,0.2042,525345570.0,525345573.00000000
819,2021-10-01,0.2043,0.2253,0.2018,0.2226,1029403000.0,1029403020.00000000
820,2021-10-02,0.2227,0.225,0.2151,0.2185,726979600.0,726979560.00000000
821,2021-10-03,0.2186,0.2266,0.2155,0.2218,697996700.0,697996641.00000000
822,2021-10-04,0.2218,0.249,0.2119,0.2414,3281218300.0,3281218340.00000000
823,2021-10-05,0.2415,0.268,0.2325,0.2516,3796153900.0,3796153741.00000000
824,2021-10-06,0.2517,0.2719,0.2422,0.2541,3681509000.0,3681509190.00000000
825,2021-10-07,0.2542,0.257,0.2357,0.2428,2142393500.0,2142393485.00000000
826,2021-10-08,0.2429,0.2549,0.2414,0.2441,1381822100.0,1381822126.00000000
827,2021-10-09,0.2442,0.2527,0.2407,0.2467,1073585540.0,1073585552.00000000
828,2021-10-10,0.2467,0.2487,0.226,0.2288,977648960.0,977648960.00000000
829,2021-10-11,0.2287,0.2394,0.2249,0.2312,1072711040.0,1072711057.00000000
830,2021-10-12,0.2312,0.2318,0.216,0.2261,1030470100.0,1030470079.00000000
831,2021-10-13,0.226,0.2342,0.2203,0.2326,1044380800.0,1044380785.00000000
832,2021-10-14,0.2325,0.2403,0.2311,0.2325,1098049700.0,1098049682.00000000
833,2021-10-15,0.2325,0.2436,0.2239,0.234,1457540700.0,1457540715.00000000
834,2021-10-16,0.2341,0.2459,0.2337,0.2372,1224144400.0,1224144433.00000000
835,2021-10-17,0.2373,0.2421,0.2252,0.2378,1210409200.0,1210409235.00000000
836,2021-10-18,0.2377,0.273,0.237,0.2474,4909225000.0,4909224967.00000000
837,2021-10-19,0.2474,0.255,0.2399,0.2454,1415459300.0,1415459318.00000000
838,2021-10-20,0.2454,0.262,0.2421,0.2548,1638568800.0,1638568849.00000000
839,2021-10-21,0.2548,0.2584,0.2382,0.2424,1573673700.0,1573673715.00000000
840,2021-10-22,0.2425,0.2549,0.2352,0.2446,1553243600.0,1553243637.00000000
841,2021-10-23,0.2446,0.254,0.24,0.2511,1258672600.0,1258672648.00000000
842,2021-10-24,0.2511,0.2832,0.2457,0.2756,4887922700.0,4887922846.00000000
843,2021-10-25,0.2757,0.2805,0.2585,0.2651,2939692300.0,2939692178.00000000
844,2021-10-26,0.2651,0.2743,0.252,0.2559,2132162400.0,2132162373.00000000
845,2021-10-27,0.2558,0.2636,0.2169,0.2379,5223432000.0,5223432326.00000000
846,2021-10-28,0.2379,0.34,0.2324,0.2997,17320110000.0,17320109431.00000000
847,2021-10-29,0.2997,0.307,0.2752,0.2882,4977185000.0,4977184874.00000000
848,2021-10-30,0.2882,0.295,0.258,0.269,3441001200.0,3441001301.00000000
849,2021-10-31,0.269,0.2852,0.252,0.28,3857354500.0,3857354566.00000000
850,2021-11-01,0.28,0.2866,0.2631,0.2716,2497094000.0,2497093967.00000000
851,2021-11-02,0.2716,0.281,0.2666,0.2739,1912493300.0,1912493294.00000000
852,2021-11-03,0.2739,0.2776,0.262,0.2689,1607498100.0,1607498166.00000000
853,2021-11-04,0.2689,0.2709,0.2539,0.263,1446957700.0,1446957670.00000000
854,2021-11-05,0.263,0.2709,0.2547,0.2609,1282376400.0,1282376452.00000000
855,2021-11-06,0.2608,0.2676,0.25,0.2618,1135857700.0,1135857725.00000000
856,2021-11-07,0.2618,0.2698,0.2584,0.2664,912146940.0,912146975.00000000
857,2021-11-08,0.2664,0.2973,0.2644,0.2819,3420674600.0,3420674489.00000000
858,2021-11-09,0.282,0.2905,0.2708,0.2736,1854893400.0,1854893482.00000000
859,2021-11-10,0.2737,0.2775,0.235,0.2553,2600273000.0,2600272877.00000000
860,2021-11-11,0.2553,0.2716,0.2529,0.2605,1356541800.0,1356541795.00000000
861,2021-11-12,0.2604,0.2686,0.2484,0.2593,1227134500.0,1227134455.00000000
862,2021-11-13,0.2594,0.2624,0.2542,0.2613,730909440.0,730909452.00000000
863,2021-11-14,0.2612,0.2719,0.2597,0.2628,1109308000.0,1109308026.00000000
864,2021-11-15,0.2628,0.2654,0.2553,0.2566,784664000.0,784663988.00000000
865,2021-11-16,0.2567,0.2567,0.2225,0.2365,1931306100.0,1931306150.00000000
866,2021-11-17,0.2364,0.2413,0.2293,0.2374,1016537100.0,1016537117.00000000
867,2021-11-18,0.2373,0.2413,0.215,0.2208,1424059800.0,1424059825.00000000
868,2021-11-19,0.2209,0.2369,0.2155,0.2329,1011256960.0,1011256982.00000000
869,2021-11-20,0.2328,0.2357,0.2249,0.233,638393300.0,638393250.00000000
870,2021-11-21,0.233,0.2334,0.225,0.2255,584498050.0,584498069.00000000
871,2021-11-22,0.2256,0.2273,0.2163,0.2195,715429200.0,715429215.00000000
872,2021-11-23,0.2194,0.2369,0.2132,0.2266,1648276600.0,1648276631.00000000
873,2021-11-24,0.2267,0.2304,0.2106,0.217,1150990000.0,1150989995.00000000
874,2021-11-25,0.217,0.2289,0.2138,0.2209,1097416000.0,1097415948.00000000
875,2021-11-26,0.221,0.2217,0.186,0.2016,2305030700.0,2305030656.30000019
876,2021-11-27,0.2016,0.21,0.2005,0.2049,908852800.0,908852823.00000000
877,2021-11-28,0.2049,0.2074,0.1907,0.2073,858901250.0,858901257.00000000
878,2021-11-29,0.2072,0.227,0.2025,0.215,1857437800.0,1857437869.00000000
879,2021-11-30,0.2149,0.2275,0.2125,0.2147,1617695200.0,1617695220.00000000
880,2021-12-01,0.2147,0.2189,0.2058,0.2093,803902300.0,803902283.00000000
881,2021-12-02,0.2093,0.2233,0.2011,0.2095,1689895000.0,1689895075.00000000
882,2021-12-03,0.2095,0.2122,0.1902,0.1999,1011968060.0,1011968037.00000000
883,2021-12-04,0.1998,0.2004,0.131,0.1781,5303849500.0,5303849448.19999981
884,2021-12-05,0.1781,0.1812,0.1617,0.1712,1381389600.0,1381389600.00000000
885,2021-12-06,0.1712,0.1804,0.1591,0.1776,1661970400.0,1661970370.00000000
886,2021-12-07,0.1775,0.1839,0.1746,0.1762,1069148200.0,1069148248.00000000
887,2021-12-08,0.1762,0.1821,0.172,0.179,870067140.0,870067110.00000000
888,2021-12-09,0.1791,0.1833,0.1685,0.1691,974195300.0,974195305.00000000
889,2021-12-10,0.1691,0.1748,0.1632,0.1641,743981300.0,743981315.00000000
890,2021-12-11,0.1641,0.17,0.1612,0.1689,654792770.0,654792769.00000000
891,2021-12-12,0.1689,0.1738,0.1656,0.1697,499912450.0,499912432.00000000
892,2021-12-13,0.1696,0.1704,0.1514,0.1573,972416830.0,972416861.00000000
893,2021-12-14,0.1574,0.2204,0.1549,0.1909,7338445000.0,7338444571.00000000
894,2021-12-15,0.1909,0.1912,0.1703,0.1808,2177344000.0,2177343912.00000000
895,2021-12-16,0.1808,0.1853,0.1723,0.1732,1077785100.0,1077785070.00000000
896,2021-12-17,0.1732,0.1766,0.1614,0.1685,1033871360.0,1033871332.00000000
897,2021-12-18,0.1684,0.1757,0.1659,0.1723,594263000.0,594262965.00000000
898,2021-12-19,0.1723,0.1746,0.1691,0.1694,479149280.0,479149291.00000000
899,2021-12-20,0.1695,0.1708,0.161,0.1671,823398850.0,823398873.00000000
900,2021-12-21,0.1671,0.1724,0.1657,0.1707,514233900.0,514233887.00000000
901,2021-12-22,0.1708,0.1799,0.1697,0.173,885691200.0,885691231.00000000
902,2021-12-23,0.173,0.1851,0.1712,0.185,1027458500.0,1027458506.00000000
903,2021-12-24,0.1851,0.1955,0.1791,0.1862,1245909400.0,1245909390.00000000
904,2021-12-25,0.1862,0.1883,0.1847,0.1882,24524568.0,24524568.00000000
