,0,1,2,3,4,5
1406,2020-03-02 04:15:00,141.452,147.0,139.998,143.0,169255
1405,2020-03-02 04:30:00,143.024,143.156,142.0,142.692,22995
1404,2020-03-02 04:45:00,142.62,142.898,139.4,139.4,105395
1403,2020-03-02 05:00:00,140.96,141.398,139.8,140.002,36150
1402,2020-03-02 05:15:00,140.16,140.16,139.0,139.0,25570
1401,2020-03-02 05:30:00,138.4,140.2,138.4,140.2,21865
1400,2020-03-02 05:45:00,140.81,140.81,139.4,139.4,15765
1399,2020-03-02 06:00:00,140.0,140.232,138.824,138.824,43595
1398,2020-03-02 06:15:00,138.624,138.65,137.632,138.0,21450
1397,2020-03-02 06:30:00,137.2,137.2,135.232,135.44,85560
1396,2020-03-02 06:45:00,135.202,135.8,134.412,134.432,68090
1395,2020-03-02 07:00:00,135.2,135.33,133.4,133.8,61885
1394,2020-03-02 07:15:00,133.634,135.956,132.4,132.998,287455
1393,2020-03-02 07:30:00,133.206,135.64,132.604,135.64,189510
1392,2020-03-02 07:45:00,136.0,136.2,135.034,135.534,321755
1391,2020-03-02 08:00:00,135.402,136.36,134.6,135.798,360255
1390,2020-03-02 08:15:00,135.812,138.986,132.4,138.96,782820
1389,2020-03-02 08:30:00,138.96,140.46,137.76,138.182,795150
1388,2020-03-02 08:45:00,138.576,138.75,137.02,138.0,403690
1387,2020-03-02 09:00:00,138.07,140.4,133.598,140.02004,463285
1386,2020-03-02 09:15:00,140.02,141.018,139.602,140.862,676805
1385,2020-03-02 09:30:00,140.78,142.354,140.5,142.304,568405
1384,2020-03-02 09:45:00,142.252,144.8,138.42,141.78,13050230
1383,2020-03-02 10:00:00,141.75698,142.70998,140.62,140.981,5103855
1382,2020-03-02 10:15:00,140.936,141.554,138.56254,139.683,5577635
1381,2020-03-02 10:30:00,139.734,140.324,137.334,138.888,4437515
1380,2020-03-02 10:45:00,138.86782,140.954,137.416,140.73142,3826280
1379,2020-03-02 11:00:00,140.65,141.4,139.6342,139.642,3246485
1378,2020-03-02 11:15:00,139.632,142.224,139.6,142.14,2917240
1377,2020-03-02 11:30:00,142.13692,143.266,141.22594,142.21,3670865
1376,2020-03-02 11:45:00,142.328,144.114,142.044,143.68104,3457465
1375,2020-03-02 12:00:00,143.7202,145.4,143.324,145.22986,4010055
1374,2020-03-02 12:15:00,145.2271,145.8978,143.46002,144.498,4301030
1373,2020-03-02 12:30:00,144.588,145.244,143.49966,145.186,2580490
1372,2020-03-02 12:45:00,145.3,145.84,144.882,145.27,2386685
1371,2020-03-02 13:00:00,145.326,147.75,145.326,147.21304,4662810
1370,2020-03-02 13:15:00,147.21,147.3,145.6,146.8642,2642210
1369,2020-03-02 13:30:00,146.92,146.98966,144.424,145.192,2539530
1368,2020-03-02 13:45:00,145.192,146.696,144.79,146.34022,2091965
1367,2020-03-02 14:00:00,146.423,146.68874,144.932,145.728,1752890
1366,2020-03-02 14:15:00,145.72,146.444,145.36,146.29,1501650
1365,2020-03-02 14:30:00,146.35132,146.35132,145.1,145.14264,1458460
1364,2020-03-02 14:45:00,145.198,145.386,142.816,143.82394,2914170
1363,2020-03-02 15:00:00,143.8,145.5,143.4,144.384,2524880
1362,2020-03-02 15:15:00,144.4,145.25,144.276,145.119,1516790
1361,2020-03-02 15:30:00,145.074,145.8,144.574,145.45868,1772910
1360,2020-03-02 15:45:00,145.498,146.802,145.316,145.7976,3068365
1359,2020-03-02 16:00:00,145.866,148.738,145.8432,148.738,5327260
1358,2020-03-02 16:15:00,148.724,148.8,147.62,147.724,563055
1357,2020-03-02 16:30:00,147.61,148.0,147.564,147.94,72065
1356,2020-03-02 16:45:00,147.81,148.574,147.8,148.52,72040
1355,2020-03-02 17:00:00,148.57,149.188,148.4,149.188,149735
1354,2020-03-02 17:15:00,149.204,150.5,149.2,150.5,214955
1353,2020-03-02 17:30:00,150.8,153.198,150.8,151.602,400925
1352,2020-03-02 17:45:00,151.598,152.2,150.404,150.906,124360
1351,2020-03-02 18:00:00,151.1,151.1,150.2,150.6,52805
1350,2020-03-02 18:15:00,150.6,150.74,150.04,150.36,45320
1349,2020-03-02 18:30:00,150.4,150.8,150.268,150.718,32970
1348,2020-03-02 18:45:00,150.6,150.62,150.44,150.44,8280
1347,2020-03-02 19:00:00,150.6,152.0,150.6,151.8,51500
1346,2020-03-02 19:15:00,151.8,152.0,151.52,151.9,44785
1345,2020-03-02 19:30:00,151.89,153.24,151.8,152.9,128025
1344,2020-03-02 19:45:00,152.9,154.0,152.9,153.8,148865
1343,2020-03-02 20:00:00,153.8,153.998,153.4,153.8,113965
1342,2020-03-03 04:15:00,155.534,157.0,152.62,155.0,126110
1341,2020-03-03 04:30:00,155.2,155.4,153.8,153.812,49695
1340,2020-03-03 04:45:00,153.988,154.0,153.2,153.2,31580
1339,2020-03-03 05:00:00,153.998,155.0,153.998,154.2,37670
1338,2020-03-03 05:15:00,154.59,155.0,154.204,154.204,21000
1337,2020-03-03 05:30:00,154.566,154.8,154.566,154.8,2510
1336,2020-03-03 05:45:00,154.6,154.6,154.212,154.592,7245
1335,2020-03-03 06:00:00,154.59,154.9,154.54,154.9,19755
1334,2020-03-03 06:15:00,154.62,154.62,153.4,153.8,34505
1333,2020-03-03 06:30:00,154.0,154.6,153.8,154.3,42650
1332,2020-03-03 06:45:00,154.6,154.6,153.442,153.6,41135
1331,2020-03-03 07:00:00,153.7,154.6,153.7,154.022,33205
1330,2020-03-03 07:15:00,154.5,159.746,154.5,158.598,991530
1329,2020-03-03 07:30:00,158.76,160.6,158.632,160.106,494835
1328,2020-03-03 07:45:00,160.0,164.038,159.6,159.6,1246590
1327,2020-03-03 08:00:00,159.406,159.63,156.986,157.4,787250
1326,2020-03-03 08:15:00,157.2,163.99,154.4,156.796,1162025
1325,2020-03-03 08:30:00,156.632,159.22,156.0,158.3,705375
1324,2020-03-03 08:45:00,158.044,158.688,157.224,158.07,517145
1323,2020-03-03 09:00:00,158.172,160.518,157.6,160.116,742515
1322,2020-03-03 09:15:00,160.0,161.2,159.802,160.2,704240
1321,2020-03-03 09:30:00,160.2,161.2,159.798,161.022,716280
1320,2020-03-03 09:45:00,161.0,161.396,155.0,158.002,15609325
1319,2020-03-03 10:00:00,158.19232,158.69388,153.262,154.404,8047425
1318,2020-03-03 10:15:00,154.574,160.0,154.4738,154.66326,10369420
1317,2020-03-03 10:30:00,154.54,157.1436,152.672,155.494,6425810
1316,2020-03-03 10:45:00,155.34924,157.176,154.6,156.84984,3418625
1315,2020-03-03 11:00:00,156.841,157.466,155.601,156.744,2739645
1314,2020-03-03 11:15:00,156.58254,157.284,153.614,153.705,3709965
1313,2020-03-03 11:30:00,153.782,155.136,150.28,151.6,5602420
1312,2020-03-03 11:45:00,151.59,153.76,150.802,152.68,3368310
1311,2020-03-03 12:00:00,152.68,154.4976,151.66382,153.43666,2844410
1310,2020-03-03 12:15:00,153.47,155.6,153.2,153.536,3023510
1309,2020-03-03 12:30:00,153.512,154.804,153.018,153.438,2032995
1308,2020-03-03 12:45:00,153.616,153.962,152.528,153.283,1557590
1307,2020-03-03 13:00:00,153.36,154.59408,152.494,153.07644,1676945
1306,2020-03-03 13:15:00,153.0,153.0,150.40012,150.5075,2582660
1305,2020-03-03 13:30:00,150.69598,151.668,148.022,149.37446,4446365
1304,2020-03-03 13:45:00,149.443,150.694,146.2804,146.324,4024030
1303,2020-03-03 14:00:00,146.33822,147.154,145.0,146.17088,4859310
1302,2020-03-03 14:15:00,146.084,146.856,143.602,145.47,4495950
1301,2020-03-03 14:30:00,145.5,146.598,143.22212,146.11802,3617515
1300,2020-03-03 14:45:00,146.247,146.982,145.036,146.0,3073120
1299,2020-03-03 15:00:00,145.958,149.149,145.8084,149.06226,3962150
1298,2020-03-03 15:15:00,149.00998,152.692,148.524,151.30084,5248010
1297,2020-03-03 15:30:00,151.297,151.7864,148.97728,151.13388,3720280
1296,2020-03-03 15:45:00,151.0543,151.0543,147.55,149.746,3192690
1295,2020-03-03 16:00:00,149.838,150.4,148.0,149.102,4005930
1294,2020-03-03 16:15:00,149.102,149.494,148.79996,148.996,234305
1293,2020-03-03 16:30:00,148.8,149.102,147.8,148.00002,131180
1292,2020-03-03 16:45:00,148.19,149.102,148.02,148.02,40395
1291,2020-03-03 17:00:00,148.04,149.102,146.2,146.65,106510
1290,2020-03-03 17:15:00,146.662,146.702,145.4,145.4,90290
1289,2020-03-03 17:30:00,145.262,145.8,144.3,145.11,182200
1288,2020-03-03 17:45:00,145.204,149.102,144.2,145.4,200760
1287,2020-03-03 18:00:00,145.212,145.57,145.0,145.0,33805
1286,2020-03-03 18:15:00,145.2,145.6,143.87,144.2,108190
1285,2020-03-03 18:30:00,144.226,145.0,144.2,144.972,38865
1284,2020-03-03 18:45:00,144.85,144.85,144.4,144.4,19735
1283,2020-03-03 19:00:00,144.498,144.9,144.3,144.802,34195
1282,2020-03-03 19:15:00,145.05,146.768,145.0,145.8,77670
1281,2020-03-03 19:30:00,145.984,147.0,145.85,145.85,67430
1280,2020-03-03 19:45:00,145.9,147.014,145.9,146.9,97010
1279,2020-03-03 20:00:00,146.8,146.8,146.2,146.2,62045
1278,2020-03-04 04:15:00,151.0,154.2,151.0,152.5,71760
1277,2020-03-04 04:30:00,152.6,153.072,152.31,152.6,17715
1276,2020-03-04 04:45:00,152.2,152.8,152.006,152.6,17440
1275,2020-03-04 05:00:00,152.702,153.22,152.538,152.8,10305
1274,2020-03-04 05:15:00,152.8,153.6,152.8,153.6,9445
1273,2020-03-04 05:30:00,153.748,154.0,153.624,154.0,14625
1272,2020-03-04 05:45:00,153.812,154.014,153.714,154.014,5680
1271,2020-03-04 06:00:00,154.24,154.24,153.8,153.8,14650
1270,2020-03-04 06:15:00,153.632,153.632,153.632,153.632,1545
1269,2020-03-04 06:30:00,153.322,153.4,152.742,153.0,36400
1268,2020-03-04 06:45:00,153.302,153.302,153.302,153.302,910
1267,2020-03-04 07:00:00,153.8,153.8,153.8,153.8,3955
1266,2020-03-04 07:15:00,154.0,157.0,153.666,156.798,616850
1265,2020-03-04 07:30:00,156.776,158.202,156.492,156.8,538395
1264,2020-03-04 07:45:00,156.752,157.2,156.214,156.59,205110
1263,2020-03-04 08:00:00,156.738,157.098,155.442,155.442,221115
1262,2020-03-04 08:15:00,155.404,157.784,153.06,154.34,773815
1261,2020-03-04 08:30:00,154.344,154.98,154.242,154.4,297440
1260,2020-03-04 08:45:00,154.26,154.774,154.052,154.658,162340
1259,2020-03-04 09:00:00,154.622,154.956,153.622,154.318,277185
1258,2020-03-04 09:15:00,154.162,154.5,153.434,154.4,271025
1257,2020-03-04 09:30:00,154.298,154.4,152.426,152.692,221335
1256,2020-03-04 09:45:00,152.79206,153.304,148.214,150.514,7771050
1255,2020-03-04 10:00:00,150.47622,150.862,147.22,148.3408,4977950
1254,2020-03-04 10:15:00,148.29076,149.988,147.576,149.957,3805255
1253,2020-03-04 10:30:00,149.94338,152.1245,149.126,150.80554,4919015
1252,2020-03-04 10:45:00,150.92084,150.98998,149.256,150.512,2432685
1251,2020-03-04 11:00:00,150.48514,150.634,148.246,148.8806,2001395
1250,2020-03-04 11:15:00,148.832,149.33134,148.204,149.1,1529180
1249,2020-03-04 11:30:00,149.136,149.53308,148.068,149.47808,1719675
1248,2020-03-04 11:45:00,149.49934,149.958,147.79074,148.20994,2181615
1247,2020-03-04 12:00:00,148.22324,148.454,145.88,146.08188,3266430
1246,2020-03-04 12:15:00,146.162,147.34006,144.9469,147.04214,2940525
1245,2020-03-04 12:30:00,147.1361,147.552,146.02,146.903,1999300
1244,2020-03-04 12:45:00,146.903,147.338,145.812,146.144,1208905
1243,2020-03-04 13:00:00,146.18968,150.137,146.086,150.053,3448705
1242,2020-03-04 13:15:00,150.03836,150.578,148.228,149.02836,3212225
1241,2020-03-04 13:30:00,148.982,150.29,148.668,148.9112,2445460
1240,2020-03-04 13:45:00,148.97,150.12,147.12254,147.50878,1913080
1239,2020-03-04 14:00:00,147.46226,148.65988,147.422,148.041,1816050
1238,2020-03-04 14:15:00,148.0406,148.4,147.196,147.672,1423255
1237,2020-03-04 14:30:00,147.756,148.222,146.662,147.4,1667530
1236,2020-03-04 14:45:00,147.478,150.0,146.0,146.975,1845330
1235,2020-03-04 15:00:00,146.97296,147.12886,146.2,146.502,1429400
1234,2020-03-04 15:15:00,146.494,147.351,146.43602,147.052,1217195
1233,2020-03-04 15:30:00,147.08,148.89,147.03,148.536,2210965
1232,2020-03-04 15:45:00,148.55112,148.55112,146.906,147.40154,1922620
1231,2020-03-04 16:00:00,147.4838,149.9,147.072,149.9,4210085
1230,2020-03-04 16:15:00,149.898,149.9,148.65,149.398,239320
1229,2020-03-04 16:30:00,149.12,149.9,147.6,148.422,170545
1228,2020-03-04 16:45:00,148.45,149.0,148.218,149.0,48975
1227,2020-03-04 17:00:00,148.99998,149.9,148.5,148.8,52350
1226,2020-03-04 17:15:00,148.9,148.9,148.8,148.8,8705
1225,2020-03-04 17:30:00,148.844,148.998,148.602,148.998,14475
1224,2020-03-04 17:45:00,149.2,149.38,148.8,148.8,15710
1223,2020-03-04 18:00:00,149.032,149.39798,149.032,149.09,69395
1222,2020-03-04 18:15:00,149.236,149.236,148.6,148.6,19655
1221,2020-03-04 18:30:00,148.9,149.188,148.666,149.0,18360
1220,2020-03-04 18:45:00,149.0,149.0,148.8,148.822,19650
1219,2020-03-04 19:00:00,149.098,149.2,148.84,149.176,29780
1218,2020-03-04 19:15:00,149.022,149.022,148.84,148.996,35065
1217,2020-03-04 19:30:00,149.1,149.1,148.82,148.98,13765
1216,2020-03-04 19:45:00,149.078,149.188,149.0,149.168,28295
1215,2020-03-04 20:00:00,149.022,149.1,148.86,148.86,52025
1214,2020-03-05 04:15:00,147.22,147.22,144.8,146.4,27070
1213,2020-03-05 04:45:00,146.12,146.12,146.0,146.0,2910
1212,2020-03-05 05:00:00,146.0,146.0,146.0,146.0,660
1211,2020-03-05 05:15:00,145.0,145.0,143.4,143.4,33215
1210,2020-03-05 05:30:00,143.19,143.6,142.402,142.748,49185
1209,2020-03-05 05:45:00,142.66,144.238,142.66,144.238,76810
1208,2020-03-05 06:00:00,144.158,144.4,143.5,143.5,9395
1207,2020-03-05 06:15:00,143.4,145.4,143.4,145.242,28070
1206,2020-03-05 06:30:00,145.3,145.406,145.0,145.2,24795
1205,2020-03-05 06:45:00,145.2,145.2,144.242,145.012,6360
1204,2020-03-05 07:00:00,145.0,145.0,144.624,145.0,6160
1203,2020-03-05 07:15:00,145.4,146.012,144.416,145.228,214460
1202,2020-03-05 07:30:00,145.2,145.4,144.398,144.802,121420
1201,2020-03-05 07:45:00,144.938,144.938,143.4,144.726,131120
1200,2020-03-05 08:00:00,144.742,145.0,144.24,144.24,73515
1199,2020-03-05 08:15:00,144.2,145.916,143.57604,144.41,177645
1198,2020-03-05 08:30:00,144.538,144.538,142.444,142.84,332900
1197,2020-03-05 08:45:00,142.938,143.9,142.71,143.51,171985
1196,2020-03-05 09:00:00,143.8,144.494,143.55,144.216,218260
1195,2020-03-05 09:15:00,144.1,144.7,144.0,144.7,232270
1194,2020-03-05 09:30:00,144.7,144.8,143.614,144.7,208735
1193,2020-03-05 09:45:00,144.754,147.0,143.614,145.87,5571300
1192,2020-03-05 10:00:00,145.85,146.6,144.306,145.65186,3301445
1191,2020-03-05 10:15:00,145.592,146.79598,144.812,146.71416,3028235
1190,2020-03-05 10:30:00,146.6776,148.286,146.312,146.602,3452600
1189,2020-03-05 10:45:00,146.512,147.844,146.1636,146.83704,2025665
1188,2020-03-05 11:00:00,146.864,148.77,146.73012,147.72704,2514970
1187,2020-03-05 11:15:00,147.654,149.11,147.2007,148.7206,1852395
1186,2020-03-05 11:30:00,148.65652,149.15,148.046,148.41596,2128600
1185,2020-03-05 11:45:00,148.494,148.69774,147.206,147.32,1652035
1184,2020-03-05 12:00:00,147.252,147.894,146.736,147.058,1274200
1183,2020-03-05 12:15:00,147.082,147.4916,146.36886,146.941,1389890
1182,2020-03-05 12:30:00,146.94,147.11188,146.32762,146.832,1156750
1181,2020-03-05 12:45:00,146.798,147.446,145.14,145.14,1730865
1180,2020-03-05 13:00:00,145.12,146.39798,145.048,145.69518,1547165
1179,2020-03-05 13:15:00,145.604,146.2,145.2358,145.4,1004790
1178,2020-03-05 13:30:00,145.40212,146.776,145.0508,146.58392,1489120
1177,2020-03-05 13:45:00,146.535,147.17,145.63,145.865,1121965
1176,2020-03-05 14:00:00,145.952,146.8,145.6,146.14196,1076790
1175,2020-03-05 14:15:00,146.1165,146.72936,145.522,146.382,820385
1174,2020-03-05 14:30:00,146.25,146.374,145.2,145.6507,1244625
1173,2020-03-05 14:45:00,145.576,146.2,145.50054,145.598,1062800
1172,2020-03-05 15:00:00,145.62974,146.052,145.216,145.535,1193320
1171,2020-03-05 15:15:00,145.452,145.598,144.51,144.676,1697990
1170,2020-03-05 15:30:00,144.658,145.38584,143.94,144.084,2205175
1169,2020-03-05 15:45:00,144.06656,145.389,143.942,144.689,2001670
1168,2020-03-05 16:00:00,144.69,145.698,144.2,144.724,2973620
1167,2020-03-05 16:15:00,144.71,145.18,144.4,144.4,230795
1166,2020-03-05 16:30:00,144.4,144.798,144.4,144.65,21785
1165,2020-03-05 16:45:00,144.6,145.2,144.6,145.0,53850
1164,2020-03-05 17:00:00,144.9,144.94,144.3,144.402,69660
1163,2020-03-05 17:15:00,144.56,144.908,144.3,144.4,50940
1162,2020-03-05 17:30:00,144.4,144.5,144.22,144.5,12475
1161,2020-03-05 17:45:00,144.5,144.696,144.4,144.4,12145
1160,2020-03-05 18:00:00,144.578,144.6,144.54,144.6,8895
1159,2020-03-05 18:15:00,144.586,144.598,144.422,144.576,9490
1158,2020-03-05 18:30:00,144.708,144.708,144.302,144.302,28415
1157,2020-03-05 18:45:00,144.252,144.4,144.02,144.1,43860
1156,2020-03-05 19:00:00,144.2,144.394,144.0,144.0,22015
1155,2020-03-05 19:15:00,144.346,144.86,144.33,144.86,27485
1154,2020-03-05 19:30:00,144.9,145.3,144.8,144.8,46560
1153,2020-03-05 19:45:00,144.624,144.624,144.2,144.2,21085
1152,2020-03-05 20:00:00,144.1,144.174,144.0,144.0,43955
1151,2020-03-06 04:15:00,141.6,142.4,141.6,142.0,14190
1150,2020-03-06 04:30:00,141.582,141.582,140.8,140.8,19450
1149,2020-03-06 04:45:00,141.136,141.2,140.4,140.4,26185
1148,2020-03-06 05:00:00,140.276,140.284,138.4,138.492,54595
1147,2020-03-06 05:15:00,138.404,138.664,138.4,138.4,18660
1146,2020-03-06 05:30:00,138.002,138.002,136.6,136.6,39565
1145,2020-03-06 05:45:00,136.468,138.3,136.468,137.602,56925
1144,2020-03-06 06:00:00,138.2,139.05,138.2,138.624,19370
1143,2020-03-06 06:15:00,138.59,139.0,137.9,137.9,23560
1142,2020-03-06 06:30:00,138.2,138.37,138.042,138.042,6780
1141,2020-03-06 06:45:00,137.804,138.4,137.642,138.4,10335
1140,2020-03-06 07:00:00,138.6,138.8,138.6,138.8,4525
1139,2020-03-06 07:15:00,139.0,139.976,137.742,138.0,320980
1138,2020-03-06 07:30:00,137.89,138.596,137.056,137.056,141355
1137,2020-03-06 07:45:00,137.36,138.0,137.0,137.24,160675
1136,2020-03-06 08:00:00,137.212,137.212,135.398,136.0,325270
1135,2020-03-06 08:15:00,139.79998,140.0,135.4,136.0,345000
1134,2020-03-06 08:30:00,136.378,137.72,136.024,137.41,167100
1133,2020-03-06 08:45:00,137.584,139.158,137.406,137.7,328075
1132,2020-03-06 09:00:00,137.6,138.4,137.4,138.2,204295
1131,2020-03-06 09:15:00,138.204,138.4,137.6,137.6,212065
1130,2020-03-06 09:30:00,137.444,138.6,136.71,138.358,359575
1129,2020-03-06 09:45:00,138.0007,140.936,138.0,140.022,7142605
1128,2020-03-06 10:00:00,139.87,140.13,136.854,137.9964,4954755
1127,2020-03-06 10:15:00,138.0201,139.174,137.2,138.848,3727255
1126,2020-03-06 10:30:00,138.78802,141.08962,138.512,140.888,4149895
1125,2020-03-06 10:45:00,140.888,141.2,139.612,141.021,3343060
1124,2020-03-06 11:00:00,141.012,141.14798,140.06,140.45384,1949045
1123,2020-03-06 11:15:00,140.466,140.50488,138.516,138.729,2053140
1122,2020-03-06 11:30:00,138.7287,139.15508,138.146,138.694,1694435
1121,2020-03-06 11:45:00,138.798,139.288,138.432,138.61,1395705
1120,2020-03-06 12:00:00,138.526,139.0,137.888,138.35282,1561340
1119,2020-03-06 12:15:00,138.378,138.516,137.126,137.75046,1632990
1118,2020-03-06 12:30:00,137.712,138.16398,137.272,137.57876,1113780
1117,2020-03-06 12:45:00,137.7336,138.11,137.5,137.93084,1365790
1116,2020-03-06 13:00:00,137.9258,138.598,137.802,138.098,1175990
1115,2020-03-06 13:15:00,138.15644,138.79,138.066,138.264,942515
1114,2020-03-06 13:30:00,138.28428,139.55,138.13,138.85098,1416240
1113,2020-03-06 13:45:00,138.86916,139.25142,138.378,138.7,1434650
1112,2020-03-06 14:00:00,138.65142,138.726,137.614,137.736,1333110
1111,2020-03-06 14:15:00,137.75064,138.138,137.4,137.78,1120925
1110,2020-03-06 14:30:00,137.734,138.466,137.576,137.94,939555
1109,2020-03-06 14:45:00,137.97,138.192,137.456,137.853,1063805
1108,2020-03-06 15:00:00,137.858,138.51036,137.692,138.154,1140230
1107,2020-03-06 15:15:00,138.154,139.178,137.886,138.60122,1980050
1106,2020-03-06 15:30:00,138.636,139.93,138.605,139.176,2373185
1105,2020-03-06 15:45:00,139.196,140.378,138.866,140.3544,2866195
1104,2020-03-06 16:00:00,140.22742,141.4,140.0518,140.678,4697485
1103,2020-03-06 16:15:00,140.696,140.696,140.0,140.35,246760
1102,2020-03-06 16:30:00,140.38,140.696,140.05,140.076,79195
1101,2020-03-06 16:45:00,140.05,140.096,139.6,139.844,80730
1100,2020-03-06 17:00:00,139.9,140.068,139.866,140.004,57890
1099,2020-03-06 17:15:00,139.996,140.696,139.95,140.00996,66150
1098,2020-03-06 17:30:00,140.01198,140.19,139.97,140.032,30055
1097,2020-03-06 17:45:00,140.168,140.2,139.8,139.8,29700
1096,2020-03-06 18:00:00,139.85,139.85,139.702,139.702,31460
1095,2020-03-06 18:15:00,139.704,139.704,139.446,139.446,17920
1094,2020-03-06 18:30:00,139.74,139.84,139.6,139.6,19610
1093,2020-03-06 18:45:00,139.626,139.654,139.6,139.6,5105
1092,2020-03-06 19:00:00,139.6,139.6,139.55002,139.6,2480
1091,2020-03-06 19:15:00,139.48,139.48,138.892,138.892,13105
1090,2020-03-06 19:30:00,139.0,139.0,138.4,138.4,25810
1089,2020-03-06 19:45:00,138.8,138.8,138.404,138.404,20340
1088,2020-03-06 20:00:00,138.5,138.972,138.15,138.15,31265
1087,2020-03-09 04:15:00,130.934,130.934,125.0,126.256,174460
1086,2020-03-09 04:30:00,126.664,127.4,125.204,125.502,72830
1085,2020-03-09 04:45:00,125.204,125.204,122.612,123.0,131025
1084,2020-03-09 05:00:00,123.0,124.8,123.0,124.6,206045
1083,2020-03-09 05:15:00,125.2,125.3,123.62,125.0,82010
1082,2020-03-09 05:30:00,125.0,126.274,124.6,126.152,56845
1081,2020-03-09 05:45:00,125.7,126.5,125.434,126.5,19115
1080,2020-03-09 06:00:00,126.524,126.7,125.83,126.21,34030
1079,2020-03-09 06:15:00,126.064,126.35,125.242,126.35,72450
1078,2020-03-09 06:30:00,126.062,126.062,125.27,125.6,34730
1077,2020-03-09 06:45:00,125.442,126.2,125.442,126.2,9450
1076,2020-03-09 07:00:00,125.8,125.8,124.39,124.4,58490
1075,2020-03-09 07:15:00,124.4,125.798,123.642,123.998,311150
1074,2020-03-09 07:30:00,123.828,124.8,123.422,123.8,204655
1073,2020-03-09 07:45:00,123.722,123.796,122.8,123.242,278230
1072,2020-03-09 08:00:00,123.4,123.802,123.0,123.296,100625
1071,2020-03-09 08:15:00,123.288,126.0,120.9,121.4,540290
1070,2020-03-09 08:30:00,121.318,121.546,120.04,120.6,474910
1069,2020-03-09 08:45:00,120.624,121.222,120.176,121.096,287920
1068,2020-03-09 09:00:00,121.15,122.0,120.888,121.766,311380
1067,2020-03-09 09:15:00,121.918,121.93,120.664,120.664,313260
1066,2020-03-09 09:30:00,120.622,121.598,120.0,121.2,577550
1065,2020-03-09 09:45:00,121.078,125.0,121.0,123.79998,3636380
1064,2020-03-09 10:00:00,123.452,127.166,121.403,125.681,5749275
1063,2020-03-09 10:15:00,125.703,131.376,125.2,130.488,6353880
1062,2020-03-09 10:30:00,130.42,132.5996,127.406,127.83,4990020
1061,2020-03-09 10:45:00,127.72,129.6,127.0,127.04,4548320
1060,2020-03-09 11:00:00,127.02,127.93998,126.222,126.937,3270485
1059,2020-03-09 11:15:00,126.882,127.083,125.422,125.848,3212425
1058,2020-03-09 11:30:00,125.8,126.81994,125.192,125.88474,2976015
1057,2020-03-09 11:45:00,125.756,126.814,125.114,126.203,2515500
1056,2020-03-09 12:00:00,126.246,127.78614,125.90002,127.37396,3358190
1055,2020-03-09 12:15:00,127.324,128.398,126.642,127.285,2373820
1054,2020-03-09 12:30:00,127.366,127.484,126.0,126.222,1507535
1053,2020-03-09 12:45:00,126.28,127.594,126.0753,126.97388,1716465
1052,2020-03-09 13:00:00,126.95,127.996,126.6,126.812,1824770
1051,2020-03-09 13:15:00,126.796,127.808,126.604,127.57732,1627080
1050,2020-03-09 13:30:00,127.628,127.628,126.0,126.168,1559025
1049,2020-03-09 13:45:00,126.086,126.167,124.792,125.154,2848580
1048,2020-03-09 14:00:00,125.184,125.9,123.70412,123.944,2473515
1047,2020-03-09 14:15:00,124.1,124.53,123.05202,124.492,1941930
1046,2020-03-09 14:30:00,124.498,125.23446,123.212,123.53492,2344635
1045,2020-03-09 14:45:00,123.502,124.39998,122.466,123.2332,2424090
1044,2020-03-09 15:00:00,123.17052,124.79,122.718,124.002,1919910
1043,2020-03-09 15:15:00,124.08134,125.0,123.002,123.006,2386720
1042,2020-03-09 15:30:00,123.076,123.81598,122.64002,122.926,2787500
1041,2020-03-09 15:45:00,122.982,123.506,122.2,123.148,2586110
1040,2020-03-09 16:00:00,123.13168,123.7,121.292,121.292,4759090
1039,2020-03-09 16:15:00,121.202,122.758,121.2,121.6,215315
1038,2020-03-09 16:30:00,122.596,122.796,122.0,122.024,102435
1037,2020-03-09 16:45:00,122.04,122.108,121.3,121.502,228720
1036,2020-03-09 17:00:00,121.506,121.506,120.6,120.65,137490
1035,2020-03-09 17:15:00,120.686,121.6,120.402,120.656,52085
1034,2020-03-09 17:30:00,120.8,120.8,120.4,120.4,29060
1033,2020-03-09 17:45:00,120.39798,120.48,120.28002,120.4,40570
1032,2020-03-09 18:00:00,120.396,120.736,120.216,120.736,53125
1031,2020-03-09 18:15:00,120.598,120.598,120.0,120.1,65335
1030,2020-03-09 18:30:00,120.004,120.76,120.002,120.552,80790
1029,2020-03-09 18:45:00,120.74,121.0,120.4,120.85,48380
1028,2020-03-09 19:00:00,120.762,124.0,120.76,124.0,114025
1027,2020-03-09 19:15:00,124.0,126.98998,123.9,126.0,337925
1026,2020-03-09 19:30:00,126.0,126.6,125.986,126.43002,68510
1025,2020-03-09 19:45:00,126.6,126.934,126.08,126.93,115825
1024,2020-03-09 20:00:00,126.998,127.976,126.7,127.16,182195
1023,2020-03-10 04:15:00,128.662,130.6,128.002,129.2,107055
1022,2020-03-10 04:30:00,129.0,130.166,129.0,129.74,38660
1021,2020-03-10 04:45:00,129.98,130.4,129.98,130.2,21560
1020,2020-03-10 05:00:00,130.06,130.368,130.0,130.32,10695
1019,2020-03-10 05:15:00,130.6,130.8,130.32,130.32,53415
1018,2020-03-10 05:30:00,130.458,131.2,130.458,131.046,40080
1017,2020-03-10 05:45:00,131.288,132.8,131.288,132.8,158540
1016,2020-03-10 06:00:00,132.894,134.424,132.894,133.296,91805
1015,2020-03-10 06:15:00,132.968,135.602,132.96,135.4,83490
1014,2020-03-10 06:30:00,135.016,135.36,134.552,134.552,36675
1013,2020-03-10 06:45:00,134.776,135.0,134.326,135.0,55930
1012,2020-03-10 07:00:00,135.548,136.196,135.404,135.74,118610
1011,2020-03-10 07:15:00,135.6,136.2,134.0,134.8,410135
1010,2020-03-10 07:30:00,134.648,135.11,134.222,134.8,214870
1009,2020-03-10 07:45:00,134.802,135.0,134.222,134.448,124555
1008,2020-03-10 08:00:00,134.422,134.6,133.424,133.968,158715
1007,2020-03-10 08:15:00,135.986,136.022,131.80002,132.82202,517970
1006,2020-03-10 08:30:00,133.016,133.016,132.0,132.204,195005
1005,2020-03-10 08:45:00,132.204,132.3,131.042,131.042,178415
1004,2020-03-10 09:00:00,131.174,133.2,130.754,132.802,299955
1003,2020-03-10 09:15:00,132.8,134.0,132.7,133.05,281205
1002,2020-03-10 09:30:00,133.15,133.454,132.006,132.2,185420
1001,2020-03-10 09:45:00,131.886,133.6,128.022,128.949,9458400
1000,2020-03-10 10:00:00,128.952,131.31,128.666,130.424,5250095
999,2020-03-10 10:15:00,130.46,130.856,129.494,130.26298,3032440
998,2020-03-10 10:30:00,130.31478,130.31798,127.642,128.03,3134210
997,2020-03-10 10:45:00,128.019,128.644,126.4,126.586,2969615
996,2020-03-10 11:00:00,126.5327,127.2,126.01202,126.0595,2731585
995,2020-03-10 11:15:00,126.03,126.398,125.032,125.45202,3047670
994,2020-03-10 11:30:00,125.533,126.156,122.66208,123.01114,3919260
993,2020-03-10 11:45:00,123.0,124.39924,121.6,124.39924,4608070
992,2020-03-10 12:00:00,124.35408,125.804,123.2762,124.204,3486265
991,2020-03-10 12:15:00,124.224,127.028,124.224,126.637,3280945
990,2020-03-10 12:30:00,126.56886,127.35,125.104,125.19,2015000
989,2020-03-10 12:45:00,125.14512,126.67,124.876,126.6389,1923065
988,2020-03-10 13:00:00,126.696,126.8,125.65,125.853,1194595
987,2020-03-10 13:15:00,125.87792,127.25228,125.6,126.824,1349400
986,2020-03-10 13:30:00,126.84156,127.176,126.264,126.67,1345310
985,2020-03-10 13:45:00,126.673,127.0,125.406,125.915,1130595
984,2020-03-10 14:00:00,125.834,126.508,125.604,126.04,1077295
983,2020-03-10 14:15:00,126.101,126.77526,125.25,126.4,1600580
982,2020-03-10 14:30:00,126.362,126.588,125.402,125.98006,1110710
981,2020-03-10 14:45:00,125.84056,127.95962,125.5498,127.8,1911535
980,2020-03-10 15:00:00,127.778,129.0,127.516,128.42,2854745
979,2020-03-10 15:15:00,128.41106,129.23702,128.022,128.6,2256325
978,2020-03-10 15:30:00,128.55,129.8,128.276,128.49,2420210
977,2020-03-10 15:45:00,128.41,129.19344,127.602,128.402,2732005
976,2020-03-10 16:00:00,128.47832,129.172,128.0,129.0,3008530
975,2020-03-10 16:15:00,129.066,129.114,128.4,128.584,120230
974,2020-03-10 16:30:00,128.43,129.066,128.4,128.6,142120
973,2020-03-10 16:45:00,128.79,128.8,128.5,128.7,20300
972,2020-03-10 17:00:00,128.7,128.7,128.52,128.6,18590
971,2020-03-10 17:15:00,128.5,128.6,128.4,128.59,13670
970,2020-03-10 17:30:00,128.6,129.066,128.406,128.4148,112375
969,2020-03-10 17:45:00,128.492,128.58,128.2,128.2,16525
968,2020-03-10 18:00:00,128.38,128.38,127.20002,127.20002,25970
967,2020-03-10 18:15:00,127.2,127.23,127.0,127.0,23670
966,2020-03-10 18:30:00,127.0,127.4,126.8,127.39998,39740
965,2020-03-10 18:45:00,127.382,129.066,127.382,127.8,64940
964,2020-03-10 19:00:00,127.442,127.51,126.022,126.022,43420
963,2020-03-10 19:15:00,126.0,126.2,125.802,126.052,63820
962,2020-03-10 19:30:00,126.074,126.2,125.864,126.004,15065
961,2020-03-10 19:45:00,126.2,126.2,125.8,125.80798,25220
960,2020-03-10 20:00:00,125.6,125.894,125.004,125.06,92975
959,2020-03-11 04:15:00,124.8,126.356,124.8,126.0,16325
958,2020-03-11 04:30:00,125.6,125.6,123.6,123.6,11735
957,2020-03-11 04:45:00,123.8,124.224,123.8,124.2,18115
956,2020-03-11 05:00:00,124.996,125.794,124.996,125.52,22095
955,2020-03-11 05:15:00,125.2,125.776,125.2,125.6,11765
954,2020-03-11 05:30:00,125.776,125.996,125.6,125.996,4920
953,2020-03-11 05:45:00,125.81,125.81,125.0,125.8,19375
952,2020-03-11 06:00:00,125.696,125.7,125.696,125.7,5355
951,2020-03-11 06:15:00,125.612,125.612,125.612,125.612,1275
950,2020-03-11 06:30:00,125.232,125.232,124.62,124.62,9680
949,2020-03-11 06:45:00,124.666,124.666,124.652,124.652,1000
948,2020-03-11 07:00:00,125.524,125.524,125.508,125.508,1250
947,2020-03-11 07:15:00,125.264,125.804,124.652,125.6,111490
946,2020-03-11 07:30:00,125.396,125.5,124.786,125.29,82640
945,2020-03-11 07:45:00,125.2,125.748,124.84,124.84,85875
944,2020-03-11 08:00:00,125.022,126.31,124.796,126.0,83820
943,2020-03-11 08:15:00,124.802,126.598,124.71,125.548,86925
942,2020-03-11 08:30:00,125.3,125.986,125.066,125.234,57380
941,2020-03-11 08:45:00,125.204,125.586,124.7,125.3,152955
940,2020-03-11 09:00:00,125.378,125.6,125.0,125.51,120920
939,2020-03-11 09:15:00,125.6,127.584,125.3,126.5,220570
938,2020-03-11 09:30:00,126.582,128.258,126.2,128.0,239460
937,2020-03-11 09:45:00,128.04,130.716,126.802,128.92734,7241800
936,2020-03-11 10:00:00,129.05,130.26,128.20958,130.21,3755565
935,2020-03-11 10:15:00,130.18222,130.258,128.478,128.55502,2950245
934,2020-03-11 10:30:00,128.546,128.722,126.41,126.912,2984390
933,2020-03-11 10:45:00,126.852,127.482,126.0425,126.18,2261210
932,2020-03-11 11:00:00,126.214,127.1517,126.06,126.304,2072310
931,2020-03-11 11:15:00,126.304,127.144,126.2,127.02826,1864245
930,2020-03-11 11:30:00,127.006,127.076,126.06,126.55002,1289410
929,2020-03-11 11:45:00,126.64,127.6,126.408,126.968,1654260
928,2020-03-11 12:00:00,127.068,128.2,126.754,127.69944,1786545
927,2020-03-11 12:15:00,127.76012,129.246,127.434,128.854,2039365
926,2020-03-11 12:30:00,128.97398,129.692,128.462,128.68828,1975450
925,2020-03-11 12:45:00,128.67,129.148,127.1303,127.173,1727850
924,2020-03-11 13:00:00,127.202,127.6,126.606,127.154,2317080
923,2020-03-11 13:15:00,127.172,127.2391,126.104,126.7085,2002110
922,2020-03-11 13:30:00,126.715,127.231,126.3,126.593,1451660
921,2020-03-11 13:45:00,126.51,126.866,125.456,125.70174,1619285
920,2020-03-11 14:00:00,125.722,126.582,125.442,126.22528,1653185
919,2020-03-11 14:15:00,126.154,126.48,125.224,125.3412,1404350
918,2020-03-11 14:30:00,125.36426,125.79394,123.14,123.4523,2787695
917,2020-03-11 14:45:00,123.507,124.976,122.8,123.908,3078150
916,2020-03-11 15:00:00,123.78696,124.824,123.758,124.282,1398420
915,2020-03-11 15:15:00,124.354,124.644,122.6,122.86094,1868970
914,2020-03-11 15:30:00,122.832,125.986,122.718,125.986,3100630
913,2020-03-11 15:45:00,125.9381,127.258,125.00802,126.698,3471135
912,2020-03-11 16:00:00,126.698,127.826,125.866,126.781,4071720
911,2020-03-11 16:15:00,126.846,126.846,125.61,126.3,213890
910,2020-03-11 16:30:00,126.24,126.846,125.922,126.1,96355
909,2020-03-11 16:45:00,126.05,126.846,125.8,126.2,114170
908,2020-03-11 17:00:00,126.2,126.2,125.924,125.95,32225
907,2020-03-11 17:15:00,126.0,126.19998,125.96,126.0,10175
906,2020-03-11 17:30:00,126.0,126.846,125.872,125.9,61280
905,2020-03-11 17:45:00,125.822,125.84,125.642,125.8,23650
904,2020-03-11 18:00:00,125.896,126.846,125.84,126.2,97915
903,2020-03-11 18:15:00,126.26,127.59998,126.26,127.59998,57770
902,2020-03-11 18:30:00,127.4,128.0,127.308,128.0,79860
901,2020-03-11 18:45:00,128.252,128.896,128.0,128.442,67725
900,2020-03-11 19:00:00,128.6,128.6,127.96,128.6,49575
899,2020-03-11 19:15:00,128.598,128.64,127.64,127.936,53985
898,2020-03-11 19:30:00,127.642,127.642,126.672,127.358,74780
897,2020-03-11 19:45:00,127.5,127.5,127.0,127.044,11300
896,2020-03-11 20:00:00,127.204,127.6,126.62,126.62,85990
895,2020-03-12 04:15:00,121.698,122.23,118.016,121.0,114610
894,2020-03-12 04:30:00,121.4,121.7,119.4,119.6,45455
893,2020-03-12 04:45:00,119.604,120.112,118.6,118.6,71125
892,2020-03-12 05:00:00,118.6,119.0,118.012,118.378,68950
891,2020-03-12 05:15:00,118.1,118.1,116.62,116.85,79225
890,2020-03-12 05:30:00,116.798,118.0,116.798,117.04,42990
889,2020-03-12 06:00:00,117.388,118.506,117.224,117.8,36165
888,2020-03-12 06:15:00,117.312,117.5,117.102,117.5,16135
887,2020-03-12 06:30:00,117.5,117.8,117.18,117.66,29335
886,2020-03-12 06:45:00,117.7,117.796,117.16,117.3,41615
885,2020-03-12 07:00:00,117.402,118.02,117.4,117.612,10295
884,2020-03-12 07:15:00,117.976,119.6,115.112,116.8,517125
883,2020-03-12 07:30:00,117.0,117.318,115.102,115.232,220775
882,2020-03-12 07:45:00,115.556,115.8,114.654,114.654,233305
881,2020-03-12 08:00:00,114.694,115.2,113.8,113.96,306170
880,2020-03-12 08:15:00,117.63,119.572,112.56,113.254,483285
879,2020-03-12 08:30:00,113.2,114.0,112.59,113.392,410585
878,2020-03-12 08:45:00,113.0,114.6,113.0,114.4,249865
877,2020-03-12 09:00:00,114.57,116.01,113.5,115.8,480960
876,2020-03-12 09:15:00,116.126,116.2,114.4,115.682,373820
875,2020-03-12 09:30:00,115.708,116.2,114.576,116.0,430940
874,2020-03-12 09:45:00,116.178,116.242,113.4,114.0,5174730
873,2020-03-12 10:00:00,113.0,117.6,109.854,117.2519,7871030
872,2020-03-12 10:15:00,117.334,117.596,114.4,115.058,5774420
871,2020-03-12 10:30:00,115.102,116.356,114.40026,114.758,3482655
870,2020-03-12 10:45:00,114.781,115.11,113.70802,114.208,3250425
869,2020-03-12 11:00:00,114.3,115.4,114.0,114.472,2610855
868,2020-03-12 11:15:00,114.472,114.472,112.0,112.07362,2817635
867,2020-03-12 11:30:00,112.002,113.022,111.718,112.174,3428885
866,2020-03-12 11:45:00,112.196,112.56,110.258,110.535,3513050
865,2020-03-12 12:00:00,110.549,111.0,109.25,110.2,5041385
864,2020-03-12 12:15:00,110.11108,110.754,109.576,110.108,2518775
863,2020-03-12 12:30:00,110.066,113.2067,109.5761,110.814,2580480
862,2020-03-12 12:45:00,110.8,110.93,110.006,110.568,1746810
861,2020-03-12 13:00:00,110.598,115.1,110.4,113.944,4407515
860,2020-03-12 13:15:00,113.95,118.9,112.0,113.45686,6646595
859,2020-03-12 13:30:00,113.507,114.383,112.702,113.844,2272680
858,2020-03-12 13:45:00,113.915,114.54,111.4,111.77,2284325
857,2020-03-12 14:00:00,111.65452,116.0,111.0,113.347,1655255
856,2020-03-12 14:15:00,113.374,113.932,112.17006,112.454,1543950
855,2020-03-12 14:30:00,112.4142,113.0,112.14,112.502,1180620
854,2020-03-12 14:45:00,112.46416,113.0,111.0,111.18716,1568555
853,2020-03-12 15:00:00,111.258,111.84,110.6,110.93,2950805
852,2020-03-12 15:15:00,110.92208,112.47,110.819,111.734,2058355
851,2020-03-12 15:30:00,111.84936,112.2,110.998,111.25,1811825
850,2020-03-12 15:45:00,111.252,114.244,111.002,113.0596,3830350
849,2020-03-12 16:00:00,113.066,113.648,111.172,111.202,4702140
848,2020-03-12 16:15:00,111.588,112.11,111.34,111.8,88160
847,2020-03-12 16:30:00,111.6,112.11,110.388,110.404,90275
846,2020-03-12 16:45:00,110.42,110.42,109.66,110.022,161155
845,2020-03-12 17:00:00,110.016,110.4,109.59,109.6,76390
844,2020-03-12 17:15:00,109.40002,109.41,107.8,107.8,133935
843,2020-03-12 17:30:00,107.54,107.79,105.622,105.706,183830
842,2020-03-12 17:45:00,105.78,112.11,103.91,103.91,307125
841,2020-03-12 18:00:00,103.91,104.6,102.24,103.4,346375
840,2020-03-12 18:15:00,103.78,105.4,103.78,104.606,165735
839,2020-03-12 18:30:00,104.6,104.8,103.12,104.2,118780
838,2020-03-12 18:45:00,103.998,106.0,103.6,104.6,112775
837,2020-03-12 19:00:00,104.8,106.36,104.8,105.68,87130
836,2020-03-12 19:15:00,105.202,105.202,104.3,104.4,40860
835,2020-03-12 19:30:00,104.6,105.012,104.6,105.0,42870
834,2020-03-12 19:45:00,105.0,105.0,104.11,104.11,43250
833,2020-03-12 20:00:00,104.112,104.112,102.99998,103.8,118185
832,2020-03-13 04:15:00,112.4,119.388,112.4,115.4,151860
831,2020-03-13 04:30:00,114.822,116.568,114.822,116.0,81300
830,2020-03-13 04:45:00,115.2,115.2,113.498,114.198,51560
829,2020-03-13 05:00:00,114.2,114.6,112.44,113.976,45735
828,2020-03-13 05:15:00,113.978,114.64,113.978,114.64,15785
827,2020-03-13 05:30:00,114.592,115.7,114.592,115.284,25180
826,2020-03-13 05:45:00,115.03,115.4,114.82,115.4,27685
825,2020-03-13 06:00:00,115.266,117.7,115.266,117.68,135030
824,2020-03-13 06:15:00,117.65,117.8,116.956,117.716,78895
823,2020-03-13 06:30:00,117.876,118.58,117.576,117.576,88490
822,2020-03-13 06:45:00,117.844,118.004,117.776,117.776,7510
821,2020-03-13 07:00:00,117.802,118.0,117.8,118.0,27850
820,2020-03-13 07:15:00,117.8,117.8,114.622,117.3,482845
819,2020-03-13 07:30:00,117.3,117.3,116.4,116.56,144575
818,2020-03-13 07:45:00,116.6,120.2,116.424,120.116,370740
817,2020-03-13 08:00:00,120.0,121.4,119.022,121.004,462885
816,2020-03-13 08:15:00,117.8,121.592,115.022,120.976,548385
815,2020-03-13 08:30:00,120.968,121.58,120.394,121.00002,343130
814,2020-03-13 08:45:00,121.0,121.494,120.4,120.802,310900
813,2020-03-13 09:00:00,120.8,121.17598,120.60002,120.61,202145
812,2020-03-13 09:15:00,120.7,121.1,119.4,120.10002,450415
811,2020-03-13 09:30:00,120.296,120.48,119.0,119.034,267045
810,2020-03-13 09:45:00,119.0,121.514,112.886,114.274,10200915
809,2020-03-13 10:00:00,114.303,114.936,110.34402,112.46,6831005
808,2020-03-13 10:15:00,112.43372,113.772,111.402,112.608,3749470
807,2020-03-13 10:30:00,112.672,114.4,112.436,113.718,3889350
806,2020-03-13 10:45:00,113.722,114.498,112.0,112.002,2800355
805,2020-03-13 11:00:00,112.002,112.068,109.60004,109.828,3760650
804,2020-03-13 11:15:00,109.786,110.78,108.042,109.244,3639945
803,2020-03-13 11:30:00,109.3496,109.49948,106.074,106.177,3785605
802,2020-03-13 11:45:00,106.166,106.56842,101.484,102.398,8296125
801,2020-03-13 12:00:00,102.11,104.528,100.4,103.755,7710530
800,2020-03-13 12:15:00,103.73496,104.09184,100.712,101.89618,4091600
799,2020-03-13 12:30:00,101.92718,103.595,101.504,103.294,3227905
798,2020-03-13 12:45:00,103.236,106.262,103.236,106.198,4411070
797,2020-03-13 13:00:00,106.1633,106.884,103.602,103.90396,3880775
796,2020-03-13 13:15:00,103.93,104.826,103.1,104.426,2297445
795,2020-03-13 13:30:00,104.49478,105.75,104.422,105.19,2192180
794,2020-03-13 13:45:00,105.298,107.44,105.27126,107.188,2963745
793,2020-03-13 14:00:00,107.252,108.3363,106.2,107.019,3182730
792,2020-03-13 14:15:00,106.931,107.477,105.554,105.906,2692625
791,2020-03-13 14:30:00,105.96598,106.42,104.0,104.006,3019010
790,2020-03-13 14:45:00,104.072,105.60998,103.344,105.16362,2513895
789,2020-03-13 15:00:00,105.21,105.454,104.4,105.19796,1823955
788,2020-03-13 15:15:00,105.146,106.024,103.634,104.61,2349195
787,2020-03-13 15:30:00,104.652,105.796,104.306,105.518,1965155
786,2020-03-13 15:45:00,105.512,106.648,103.6,106.3277,3808465
785,2020-03-13 16:00:00,106.362,109.24,106.164,109.24,7018030
784,2020-03-13 16:15:00,109.324,109.438,107.202,109.0,535390
783,2020-03-13 16:30:00,109.004,109.324,108.5,108.696,243285
782,2020-03-13 16:45:00,108.612,109.324,108.506,108.702,120655
781,2020-03-13 17:00:00,108.704,108.704,107.976,107.976,134000
780,2020-03-13 17:15:00,108.0,108.35,108.0,108.35,69880
779,2020-03-13 17:30:00,108.338,108.5,107.976,108.082,50890
778,2020-03-13 17:45:00,107.976,108.1,107.976,108.1,35690
777,2020-03-13 18:00:00,108.2,108.6,108.10002,108.32,63110
776,2020-03-13 18:15:00,108.202,108.398,108.006,108.37,21795
775,2020-03-13 18:30:00,108.022,108.5,108.0,108.4,30285
774,2020-03-13 18:45:00,108.324,108.324,107.64,107.994,42820
773,2020-03-13 19:00:00,107.82002,107.842,107.58,107.58,30875
772,2020-03-13 19:15:00,107.58,107.60002,107.0,107.14,36940
771,2020-03-13 19:30:00,107.2,107.2,106.6,106.6,20625
770,2020-03-13 19:45:00,106.754,106.802,106.2,106.25,39630
769,2020-03-13 20:00:00,106.4,106.998,106.4,106.8,40065
768,2020-03-16 04:15:00,101.3,101.3,94.402,95.004,283640
767,2020-03-16 04:30:00,95.06,96.7,94.462,94.998,122315
766,2020-03-16 04:45:00,95.0,95.202,94.4,94.888,91815
765,2020-03-16 05:00:00,95.048,95.976,94.822,95.2,61035
764,2020-03-16 05:15:00,95.07,95.5,94.848,94.994,18765
763,2020-03-16 05:30:00,95.028,95.4,95.028,95.396,19735
762,2020-03-16 05:45:00,95.344,96.328,95.344,95.77,41520
761,2020-03-16 06:00:00,95.642,95.8,95.346,95.346,18420
760,2020-03-16 06:15:00,95.398,95.7,95.346,95.346,57530
759,2020-03-16 06:30:00,95.346,95.346,94.6,94.6,53020
758,2020-03-16 06:45:00,94.5,94.948,94.302,94.8,31635
757,2020-03-16 07:00:00,94.506,94.96,94.16,94.96,69545
756,2020-03-16 07:15:00,94.96,95.8,94.08,95.4,332795
755,2020-03-16 07:30:00,95.2,95.2,93.244,93.244,191805
754,2020-03-16 07:45:00,93.222,94.15,92.796,93.28,242720
753,2020-03-16 08:00:00,93.402,94.318,93.402,94.3,122630
752,2020-03-16 08:15:00,95.2,95.9,93.0,94.20002,354945
751,2020-03-16 08:30:00,94.202,94.202,92.7,92.99998,235215
750,2020-03-16 08:45:00,92.856,92.856,92.044,92.404,307740
749,2020-03-16 09:00:00,92.424,92.968,92.3,92.8,234460
748,2020-03-16 09:15:00,92.9,94.8,92.9,94.754,497585
747,2020-03-16 09:30:00,94.7,94.802,93.6,93.6,228955
746,2020-03-16 09:45:00,93.89994,93.89994,92.054,92.054,1104360
745,2020-03-16 10:00:00,92.0,94.106,88.434,92.686,13541295
744,2020-03-16 10:15:00,92.684,92.922,90.0,90.63894,5305965
743,2020-03-16 10:30:00,90.764,92.594,90.2,90.779,3759425
742,2020-03-16 10:45:00,90.82844,94.0,90.736,92.3496,5376125
741,2020-03-16 11:00:00,92.318,94.4,92.13202,93.324,4788150
740,2020-03-16 11:15:00,93.59,97.476,93.04682,96.37196,5215675
739,2020-03-16 11:30:00,96.384,98.97398,96.07,96.794,5419645
738,2020-03-16 11:45:00,96.746,98.2,96.45,96.452,3431295
737,2020-03-16 12:00:00,96.452,96.524,94.466,95.92344,3428820
736,2020-03-16 12:15:00,95.984,97.8,95.40406,96.322,2703705
735,2020-03-16 12:30:00,96.35972,96.81554,95.714,96.134,1968365
734,2020-03-16 12:45:00,96.102,96.90786,95.80346,96.12208,1704840
733,2020-03-16 13:00:00,96.032,96.1,93.6,94.395,2876115
732,2020-03-16 13:15:00,94.40378,94.95,93.0,93.484,2327525
731,2020-03-16 13:30:00,93.45,93.88476,93.158,93.393,1518650
730,2020-03-16 13:45:00,93.262,93.39092,92.0,92.128,2178970
729,2020-03-16 14:00:00,92.08652,93.898,92.08652,92.876,1897215
728,2020-03-16 14:15:00,92.8228,92.8228,91.2,91.87746,2716555
727,2020-03-16 14:30:00,91.856,92.6,90.436,92.439,2192470
726,2020-03-16 14:45:00,92.4118,95.02326,91.78,93.172,3404150
725,2020-03-16 15:00:00,93.198,94.754,92.6,93.786,2590765
724,2020-03-16 15:15:00,93.8,94.79996,93.002,93.146,1773070
723,2020-03-16 15:30:00,93.1,94.0,92.064,92.2332,2422790
722,2020-03-16 15:45:00,92.27212,92.29786,90.0,91.75502,4693005
721,2020-03-16 16:00:00,91.702,92.79988,88.6,88.99602,6582270
720,2020-03-16 16:15:00,88.84,89.918,88.6,88.75,342275
719,2020-03-16 16:30:00,88.788,89.014,86.0,89.002,589650
718,2020-03-16 16:45:00,89.364,89.6,88.002,89.0,224850
717,2020-03-16 17:00:00,89.0,90.3,88.632,88.632,172510
716,2020-03-16 17:15:00,88.578,89.398,87.202,87.45,133675
715,2020-03-16 17:30:00,87.55,87.7,86.654,87.348,70425
714,2020-03-16 17:45:00,87.34,87.978,87.20002,87.978,62550
713,2020-03-16 18:00:00,87.502,87.8,87.2,87.402,58615
712,2020-03-16 18:15:00,87.6,88.8,87.6,87.768,67355
711,2020-03-16 18:30:00,87.8,88.3,87.204,87.502,41230
710,2020-03-16 18:45:00,87.696,88.6,87.32,88.6,93740
709,2020-03-16 19:00:00,89.0,89.55,88.102,89.2,101375
708,2020-03-16 19:15:00,89.0,90.0,88.9,90.0,63805
707,2020-03-16 19:30:00,90.19,91.24,89.014,91.056,252420
706,2020-03-16 19:45:00,91.178,91.178,90.4,91.0,48135
705,2020-03-16 20:00:00,90.64,91.36,90.6,90.60002,89135
704,2020-03-17 04:15:00,94.4,96.4,94.4,94.6,44550
703,2020-03-17 04:30:00,94.54,94.54,91.232,92.0,86570
702,2020-03-17 04:45:00,92.4,92.66,91.174,91.204,42045
701,2020-03-17 05:00:00,91.1,91.398,89.698,90.264,106000
700,2020-03-17 05:15:00,90.33,91.0,89.836,90.31,38385
699,2020-03-17 05:30:00,90.04,90.402,89.9,90.002,16530
698,2020-03-17 05:45:00,89.84,89.84,88.704,89.042,49660
697,2020-03-17 06:00:00,89.1,89.902,89.1,89.35,20525
696,2020-03-17 06:15:00,89.878,90.6,89.878,90.6,23315
695,2020-03-17 06:30:00,90.908,91.2,90.76,91.0,27580
694,2020-03-17 06:45:00,90.8,90.8,90.6,90.8,3810
693,2020-03-17 07:00:00,90.646,91.722,90.646,91.678,16010
692,2020-03-17 07:15:00,91.6,91.808,89.6,91.2,300055
691,2020-03-17 07:30:00,91.0,91.0,89.402,90.2,96310
690,2020-03-17 07:45:00,90.0,90.0,88.202,88.4,134380
689,2020-03-17 08:00:00,88.422,89.0,87.6,87.6,173770
688,2020-03-17 08:15:00,87.98,91.59998,87.2,88.832,274125
687,2020-03-17 08:30:00,88.82,89.398,88.524,88.798,114100
686,2020-03-17 08:45:00,88.89,89.0,88.0,88.01,112510
685,2020-03-17 09:00:00,88.04,88.26,87.302,87.5,320170
684,2020-03-17 09:15:00,87.598,88.15,87.502,88.01202,305880
683,2020-03-17 09:30:00,88.1,88.3,87.462,87.988,312435
682,2020-03-17 09:45:00,88.002,89.59798,82.064,82.476,11063815
681,2020-03-17 10:00:00,82.45856,84.4,80.1,80.224,9372370
680,2020-03-17 10:15:00,80.30556,83.198,79.2,81.562,8757480
679,2020-03-17 10:30:00,81.601,84.636,80.8,83.978,4667200
678,2020-03-17 10:45:00,83.884,85.574,82.0,83.848,4320230
677,2020-03-17 11:00:00,83.836,84.87172,82.50054,83.404,3425890
676,2020-03-17 11:15:00,83.316,87.04934,83.004,86.957,4320295
675,2020-03-17 11:30:00,86.916,88.86198,86.266,86.618,4929515
674,2020-03-17 11:45:00,86.6002,87.35998,85.6202,87.075,3307645
673,2020-03-17 12:00:00,87.02008,91.572,86.83812,90.424,5836315
672,2020-03-17 12:15:00,90.302,94.37,89.926,93.1209,6160220
671,2020-03-17 12:30:00,93.17204,93.17204,87.3824,87.52464,5097905
670,2020-03-17 12:45:00,87.486,89.75152,86.214,86.825,3065985
669,2020-03-17 13:00:00,86.871,87.604,84.0,86.718,4183250
668,2020-03-17 13:15:00,86.686,87.892,84.326,84.344,2894785
667,2020-03-17 13:30:00,84.46044,85.89,84.056,85.73,2489035
666,2020-03-17 13:45:00,85.77478,87.554,85.4102,87.03234,2570415
665,2020-03-17 14:00:00,87.01,88.58402,86.158,86.553,2922870
664,2020-03-17 14:15:00,86.64258,88.494,86.042,88.02352,2436720
663,2020-03-17 14:30:00,88.13576,88.196,86.82,87.789,2366355
662,2020-03-17 14:45:00,87.906,89.28,86.996,87.0,2701215
661,2020-03-17 15:00:00,86.998,87.114,85.40002,86.5686,2657265
660,2020-03-17 15:15:00,86.538,86.64,84.6,85.04858,3091425
659,2020-03-17 15:30:00,85.0,85.09,83.27,83.401,3163490
658,2020-03-17 15:45:00,83.346,87.13,83.16,85.666,4362010
657,2020-03-17 16:00:00,85.664,86.666,85.0,86.0,4769465
656,2020-03-17 16:15:00,85.902,86.212,85.41,85.6,64805
655,2020-03-17 16:30:00,85.298,86.04,84.662,84.66202,119260
654,2020-03-17 16:45:00,85.0,85.4,84.802,85.4,33150
653,2020-03-17 17:00:00,85.424,85.424,85.0,85.03002,20990
652,2020-03-17 17:15:00,85.04,85.4,85.032,85.378,21270
651,2020-03-17 17:30:00,85.2,85.6,85.052,85.58,10380
650,2020-03-17 17:45:00,85.51,85.66,85.002,85.002,16275
649,2020-03-17 18:00:00,85.14,85.2,85.0,85.0,18070
648,2020-03-17 18:15:00,85.098,86.0,85.098,85.6,37530
647,2020-03-17 18:30:00,85.58,85.798,85.2,85.4,15030
646,2020-03-17 18:45:00,85.6,85.64,85.2,85.2,26360
645,2020-03-17 19:00:00,85.2,85.2,84.618,84.73,58745
644,2020-03-17 19:15:00,84.8,84.89,84.102,84.102,34995
643,2020-03-17 19:30:00,84.2,84.358,83.534,83.534,63150
642,2020-03-17 19:45:00,83.534,83.8,83.0,83.022,60620
641,2020-03-17 20:00:00,83.3,83.302,81.332,81.51202,126900
640,2020-03-18 04:15:00,80.6,80.6,76.0,77.52,222220
639,2020-03-18 04:30:00,77.59,80.588,77.588,79.0,135345
638,2020-03-18 04:45:00,79.002,80.05,79.001,79.78,68590
637,2020-03-18 05:00:00,79.96,80.0,79.692,79.86,33760
636,2020-03-18 05:15:00,79.88,79.88,78.8,78.8,81910
635,2020-03-18 05:30:00,78.4,78.478,77.716,78.478,52940
634,2020-03-18 05:45:00,78.502,78.824,78.502,78.702,9755
633,2020-03-18 06:00:00,78.4,78.4,77.762,77.762,12705
632,2020-03-18 06:15:00,77.76,79.4,77.542,78.8,74825
631,2020-03-18 06:30:00,78.602,78.602,77.7,77.82,24885
630,2020-03-18 06:45:00,77.8,78.4,77.732,78.0,40455
629,2020-03-18 07:00:00,78.002,78.002,77.46,77.796,42370
628,2020-03-18 07:15:00,77.978,78.4,76.242,77.4,338290
627,2020-03-18 07:30:00,77.418,77.96,77.206,77.436,155210
626,2020-03-18 07:45:00,77.598,78.0,77.46,77.6,155020
625,2020-03-18 08:00:00,77.552,78.414,77.324,78.4,201710
624,2020-03-18 08:15:00,78.402,78.754,76.402,78.066,367280
623,2020-03-18 08:30:00,78.164,79.082,77.802,79.082,171435
622,2020-03-18 08:45:00,79.014,79.38,78.4,78.4,202050
621,2020-03-18 09:00:00,78.366,78.794,77.64,78.2,336885
620,2020-03-18 09:15:00,78.58,78.74,77.622,77.696,281225
619,2020-03-18 09:30:00,77.686,78.178,77.2,77.802,448495
618,2020-03-18 09:45:00,77.8,80.0,77.0,77.13,10265155
617,2020-03-18 10:00:00,77.164,80.972,76.242,79.335,8621510
616,2020-03-18 10:15:00,79.332,80.898,78.976,79.86456,4717045
615,2020-03-18 10:30:00,79.788,79.926,77.6,78.867,4117315
614,2020-03-18 10:45:00,78.93266,79.4,78.034,78.861,3214530
613,2020-03-18 11:00:00,78.83004,79.02,76.736,77.798,3844320
612,2020-03-18 11:15:00,77.80398,77.978,76.01,76.28112,4309295
611,2020-03-18 11:30:00,76.26,77.35086,75.648,76.22,5275635
610,2020-03-18 11:45:00,76.196,77.38904,76.1,76.656,2928420
609,2020-03-18 12:00:00,76.658,78.356,76.304,77.632,3031660
608,2020-03-18 12:15:00,77.656,77.66614,76.7012,76.7012,2472415
607,2020-03-18 12:30:00,76.696,76.94796,76.11002,76.566,2636085
606,2020-03-18 12:45:00,76.642,76.818,75.52,76.10002,3506885
605,2020-03-18 13:00:00,76.296,76.4744,74.0,74.001,3271495
604,2020-03-18 13:15:00,74.0,75.39798,73.6,73.614,1878655
603,2020-03-18 13:30:00,73.6,73.97,72.002,72.3,5559950
602,2020-03-18 13:45:00,72.313,73.4,70.62,73.29776,6455345
601,2020-03-18 14:00:00,73.297,73.36,71.0,71.483,2917300
600,2020-03-18 14:15:00,71.53132,71.93,70.8607,70.996,2650225
599,2020-03-18 14:30:00,70.992,71.2,70.102,70.69268,3790295
598,2020-03-18 14:45:00,70.64,72.2,70.39856,71.386,3823980
597,2020-03-18 15:00:00,71.386,72.39,71.2,71.6693,4417515
596,2020-03-18 15:15:00,71.798,72.76,71.0,72.666,4624735
595,2020-03-18 15:30:00,72.65122,74.0,70.4522,70.902,3627220
594,2020-03-18 15:45:00,70.87,71.932,70.216,71.3,3954555
593,2020-03-18 16:00:00,71.164,72.67,70.534,72.32,6387725
592,2020-03-18 16:15:00,71.2,73.16,71.2,72.844,319720
591,2020-03-18 16:30:00,73.0,73.266,71.956,72.6,296120
590,2020-03-18 16:45:00,72.602,72.798,72.244,72.556,59635
589,2020-03-18 17:00:00,72.798,73.3,71.62,72.4,119785
588,2020-03-18 17:15:00,72.39998,72.4,72.1,72.319,17740
587,2020-03-18 17:30:00,72.2,73.0,72.2,72.4,65625
586,2020-03-18 17:45:00,72.302,72.8,72.19998,72.5,41165
585,2020-03-18 18:00:00,72.202,72.39,72.016,72.016,30575
584,2020-03-18 18:15:00,72.376,72.4,71.502,71.502,499700
583,2020-03-18 18:30:00,71.55,71.724,70.7,70.7,56960
582,2020-03-18 18:45:00,70.6,70.96,70.21,70.42002,60535
581,2020-03-18 19:00:00,73.53,73.53,70.222,72.978,165305
580,2020-03-18 19:15:00,72.57,72.996,71.6,71.642,69150
579,2020-03-18 19:30:00,71.96,72.6,71.9,72.6,27650
578,2020-03-18 19:45:00,72.40002,74.0,72.40002,74.0,170890
577,2020-03-18 20:00:00,74.4,74.644,72.244,74.6,185020
576,2020-03-19 04:15:00,73.0,74.298,72.394,72.6,127690
575,2020-03-19 04:30:00,72.796,75.2,72.796,75.2,89790
574,2020-03-19 04:45:00,75.534,76.142,75.252,75.252,60205
573,2020-03-19 05:00:00,74.6,75.356,74.5,75.356,27895
572,2020-03-19 05:15:00,75.234,75.5,74.6,74.956,26585
571,2020-03-19 05:30:00,74.802,74.94,74.302,74.302,31920
570,2020-03-19 05:45:00,74.002,75.2,73.608,74.2,24055
569,2020-03-19 06:00:00,74.6,74.6,74.332,74.332,1950
568,2020-03-19 06:15:00,74.054,74.2,73.698,73.698,31175
567,2020-03-19 06:30:00,73.594,73.74,73.4,73.6,36515
566,2020-03-19 06:45:00,74.0,74.4,73.896,74.204,28950
565,2020-03-19 07:00:00,74.202,74.202,73.498,73.654,34680
564,2020-03-19 07:15:00,73.9,75.548,73.658,74.6,186715
563,2020-03-19 07:30:00,74.616,74.702,73.0,73.0,91660
562,2020-03-19 07:45:00,73.042,73.2,71.65,71.82,157755
561,2020-03-19 08:00:00,71.65,72.596,71.65,71.8,115370
560,2020-03-19 08:15:00,72.244,75.25998,71.702,72.0,368795
559,2020-03-19 08:30:00,71.976,72.12,70.2,70.212,237445
558,2020-03-19 08:45:00,70.4,71.3,70.398,71.0,166640
557,2020-03-19 09:00:00,71.0,72.0,70.95,71.82,179905
556,2020-03-19 09:15:00,71.98,74.7,71.262,74.602,612450
555,2020-03-19 09:30:00,74.768,75.6,74.2,74.95,488250
554,2020-03-19 09:45:00,74.9393,75.124,71.692,72.77,9039085
553,2020-03-19 10:00:00,72.73598,80.4,72.312,80.25164,12495650
552,2020-03-19 10:15:00,80.259,86.59,78.4,86.427,14479505
551,2020-03-19 10:30:00,86.262,86.96876,82.4002,84.13246,10624620
550,2020-03-19 10:45:00,84.1844,84.308,80.442,81.047,6245010
549,2020-03-19 11:00:00,80.97864,82.31052,78.352,81.0996,7977420
548,2020-03-19 11:15:00,81.1,82.35,80.0,81.754,4627025
547,2020-03-19 11:30:00,81.972,84.30998,81.00014,83.59406,5296855
546,2020-03-19 11:45:00,83.50972,83.62,81.354,81.94,3975635
545,2020-03-19 12:00:00,81.968,82.8,81.4,81.401,2491245
544,2020-03-19 12:15:00,81.4,81.704,80.604,81.444,2771685
543,2020-03-19 12:30:00,81.392,82.756,80.70402,82.71164,2650920
542,2020-03-19 12:45:00,82.687,83.3778,81.876,82.92382,2834180
541,2020-03-19 13:00:00,82.89,85.116,82.73402,83.902,4599655
540,2020-03-19 13:15:00,84.0,84.48998,82.601,83.363,2970855
539,2020-03-19 13:30:00,83.309,84.7958,83.062,83.827,2425370
538,2020-03-19 13:45:00,83.652,84.11,83.4,83.964,1686820
537,2020-03-19 14:00:00,84.02112,85.332,83.958,84.669,3023405
536,2020-03-19 14:15:00,84.695,86.15,84.4,86.0646,3355630
535,2020-03-19 14:30:00,86.148,87.396,85.21,86.653,4976620
534,2020-03-19 14:45:00,86.704,90.38198,86.672,89.896,8086570
533,2020-03-19 15:00:00,89.894,90.4,88.44,89.1789,5895385
532,2020-03-19 15:15:00,89.114,89.198,86.26202,86.80044,4941000
531,2020-03-19 15:30:00,86.95,88.274,86.714,87.141,3937870
530,2020-03-19 15:45:00,87.19,87.8,85.404,86.607,4759470
529,2020-03-19 16:00:00,86.6252,86.766,84.0,85.459,6473805
528,2020-03-19 16:15:00,85.528,85.596,84.848,85.0,137835
527,2020-03-19 16:30:00,85.16,85.176,85.0,85.052,37125
526,2020-03-19 16:45:00,85.056,85.528,84.0,84.00002,76420
525,2020-03-19 17:00:00,84.00198,84.00198,78.6,78.601,700925
524,2020-03-19 17:15:00,78.602,79.776,77.6,78.898,1236790
523,2020-03-19 17:30:00,78.897,79.0,77.2,77.75,335535
522,2020-03-19 17:45:00,77.78,79.0,77.2,78.97,173875
521,2020-03-19 18:00:00,78.998,79.988,78.998,79.658,232110
520,2020-03-19 18:15:00,79.402,81.8,79.202,81.8,145395
519,2020-03-19 18:30:00,81.67,82.5,80.502,81.402,248250
518,2020-03-19 18:45:00,81.44,81.8,80.6,80.6,124985
517,2020-03-19 19:00:00,80.424,80.99998,79.4,79.4,126515
516,2020-03-19 19:15:00,79.322,80.0,78.002,78.022,210530
515,2020-03-19 19:30:00,78.034,79.48,78.0,79.178,225960
514,2020-03-19 19:45:00,79.098,79.61,79.098,79.558,68540
513,2020-03-19 20:00:00,79.43,79.58,78.8,78.8,119630
512,2020-03-20 04:15:00,84.0,91.4,84.0,90.202,228735
511,2020-03-20 04:30:00,90.262,91.152,89.2,90.226,180020
510,2020-03-20 04:45:00,90.45,91.0,89.0,89.2,299825
509,2020-03-20 05:00:00,89.6,91.8,89.398,91.3,197475
508,2020-03-20 05:15:00,91.618,91.618,90.806,91.204,52335
507,2020-03-20 05:30:00,91.006,91.766,91.0,91.126,115975
506,2020-03-20 05:45:00,91.204,91.5,90.6,90.6,74215
505,2020-03-20 06:00:00,90.598,90.668,90.204,90.6,66900
504,2020-03-20 06:15:00,90.548,91.316,90.548,90.8,17795
503,2020-03-20 06:30:00,90.798,90.96,90.502,90.502,43930
502,2020-03-20 06:45:00,90.5,90.5,89.8,90.456,53300
501,2020-03-20 07:00:00,90.04,90.578,90.04,90.5,18815
500,2020-03-20 07:15:00,90.3,90.56,87.506,88.05,490660
499,2020-03-20 07:30:00,88.05,88.05,86.702,87.602,255705
498,2020-03-20 07:45:00,87.624,88.4,87.45,87.622,179240
497,2020-03-20 08:00:00,87.822,88.21,87.502,88.03,140870
496,2020-03-20 08:15:00,90.2,90.5,86.898,88.4,486080
495,2020-03-20 08:30:00,88.388,89.6,88.2,88.2,252540
494,2020-03-20 08:45:00,88.222,88.602,85.528,87.0,286370
493,2020-03-20 09:00:00,87.0,87.034,85.764,86.0,314140
492,2020-03-20 09:15:00,85.842,86.97,85.812,86.85,279495
491,2020-03-20 09:30:00,86.77,87.8,84.6,87.6,608725
490,2020-03-20 09:45:00,87.64,90.0,85.804,86.126,14321020
489,2020-03-20 10:00:00,86.078,87.3,85.158,86.26,7344955
488,2020-03-20 10:15:00,86.404,89.4,86.158,88.761,7522515
487,2020-03-20 10:30:00,88.76,89.86,87.886,89.458,6345880
486,2020-03-20 10:45:00,89.4824,93.6,89.476,92.486,11297665
485,2020-03-20 11:00:00,92.5,94.83,91.212,94.648,8163495
484,2020-03-20 11:15:00,94.644,95.4,92.404,93.3,6421165
483,2020-03-20 11:30:00,93.20348,93.466,88.8,91.04948,7315795
482,2020-03-20 11:45:00,91.025,93.0,89.652,91.448,4812355
481,2020-03-20 12:00:00,91.49262,91.49262,89.537,90.84936,3098280
480,2020-03-20 12:15:00,90.854,91.13,87.2,89.462,4454545
479,2020-03-20 12:30:00,89.40208,89.545,86.8187,87.546,4058005
478,2020-03-20 12:45:00,87.546,89.7,87.47202,88.5815,3884130
477,2020-03-20 13:00:00,88.754,90.54,88.508,89.102,4142985
476,2020-03-20 13:15:00,89.234,90.276,88.98,89.16346,2338655
475,2020-03-20 13:30:00,89.144,89.6,87.362,87.975,2498760
474,2020-03-20 13:45:00,87.928,88.722,87.478,88.12,1990955
473,2020-03-20 14:00:00,88.147,88.6,87.662,88.32024,1611925
472,2020-03-20 14:15:00,88.269,88.3796,86.91,87.242,2402970
471,2020-03-20 14:30:00,87.244,87.54,86.34,86.512,3291045
470,2020-03-20 14:45:00,86.69798,86.976,85.45,86.421,3335720
469,2020-03-20 15:00:00,86.506,87.496,85.208,85.968,5675025
468,2020-03-20 15:15:00,85.94938,86.402,85.436,85.68,2601880
467,2020-03-20 15:30:00,85.784,87.572,85.3132,87.444,3458170
466,2020-03-20 15:45:00,87.31072,88.576,86.952,87.704,4658210
465,2020-03-20 16:00:00,87.70026,88.08,85.34,85.506,7151805
464,2020-03-20 16:15:00,85.506,85.804,85.2,85.39998,571030
463,2020-03-20 16:30:00,85.368,85.6,85.1,85.27,330995
462,2020-03-20 16:45:00,85.29002,85.4,85.012,85.1,112585
461,2020-03-20 17:00:00,85.042,85.506,84.874,85.002,93635
460,2020-03-20 17:15:00,85.0,85.4,84.88,85.282,91160
459,2020-03-20 17:30:00,85.27998,85.27998,85.0,85.0,48800
458,2020-03-20 17:45:00,85.002,85.1,84.804,84.804,18415
457,2020-03-20 18:00:00,84.8,84.8,84.0,84.0,104560
456,2020-03-20 18:15:00,83.898,83.898,83.516,83.516,27355
455,2020-03-20 18:30:00,83.8,84.0,83.72,83.8,19825
454,2020-03-20 18:45:00,83.994,84.0,83.994,84.0,10000
453,2020-03-20 19:00:00,84.2,84.2,84.0,84.13,14405
452,2020-03-20 19:15:00,84.138,84.7,84.138,84.4,11885
451,2020-03-20 19:30:00,84.6,84.6,84.4,84.556,5015
450,2020-03-20 19:45:00,84.232,84.232,84.1,84.2,24145
449,2020-03-20 20:00:00,84.4,84.99998,84.4,84.756,56540
448,2020-03-23 04:15:00,82.98,82.98,81.2,81.6,153700
447,2020-03-23 04:30:00,81.5,81.798,81.212,81.6,68495
446,2020-03-23 04:45:00,81.492,81.82,81.396,81.82,13465
445,2020-03-23 05:00:00,81.7,81.9,81.422,81.422,35880
444,2020-03-23 05:15:00,81.4,82.4,81.4,82.4,36330
443,2020-03-23 05:30:00,82.44,82.542,82.04,82.04,32415
442,2020-03-23 05:45:00,82.4,82.93,82.4,82.86,4225
441,2020-03-23 06:00:00,83.2,83.6,83.2,83.202,19820
440,2020-03-23 06:15:00,83.0,83.14,82.4,82.74,20800
439,2020-03-23 06:30:00,82.232,83.556,82.2,83.556,22540
438,2020-03-23 06:45:00,83.8,84.36,83.8,83.996,37845
437,2020-03-23 07:00:00,83.98,84.636,83.98,84.6,24460
436,2020-03-23 07:15:00,84.286,84.636,84.032,84.352,96300
435,2020-03-23 07:30:00,84.306,84.38,83.996,84.0,96755
434,2020-03-23 07:45:00,83.9,83.9,83.002,83.32,102760
433,2020-03-23 08:00:00,83.31,83.792,83.31,83.756,42695
432,2020-03-23 08:15:00,84.4,88.6,83.11,87.8,487620
431,2020-03-23 08:30:00,87.798,90.6,87.16,88.0,601885
430,2020-03-23 08:45:00,87.998,89.2,87.4,88.6,320560
429,2020-03-23 09:00:00,88.41,89.94,88.4,89.8,270795
428,2020-03-23 09:15:00,89.652,89.8,88.042,88.5,249150
427,2020-03-23 09:30:00,88.588,89.0,86.666,86.766,331150
426,2020-03-23 09:45:00,86.72,88.39998,82.234,84.532,8468485
425,2020-03-23 10:00:00,84.52892,86.6324,82.81,86.398,6348695
424,2020-03-23 10:15:00,86.342,87.2,84.2,86.24016,4032755
423,2020-03-23 10:30:00,86.348,86.78724,84.836,85.898,3159825
422,2020-03-23 10:45:00,85.898,86.8,84.88202,85.813,2822410
421,2020-03-23 11:00:00,85.811,85.8574,84.27606,84.86392,2371855
420,2020-03-23 11:15:00,84.806,85.36,83.0,83.248,3513160
419,2020-03-23 11:30:00,83.412,83.824,82.1,82.33,2796405
418,2020-03-23 11:45:00,82.344,84.018,82.22256,83.63054,3003605
417,2020-03-23 12:00:00,83.658,85.36,83.6,84.602,3751240
416,2020-03-23 12:15:00,84.576,85.016,83.48,84.382,2223040
415,2020-03-23 12:30:00,84.33142,85.606,84.174,84.728,2403055
414,2020-03-23 12:45:00,84.75,86.706,84.1,86.672,3209370
413,2020-03-23 13:00:00,86.69658,87.29484,85.44,86.837,3506255
412,2020-03-23 13:15:00,86.788,88.0,86.0,87.838,2984790
411,2020-03-23 13:30:00,87.673,88.006,86.374,86.47436,2936345
410,2020-03-23 13:45:00,86.442,86.598,85.394,85.432,1881825
409,2020-03-23 14:00:00,85.562,87.16,85.1109,85.55222,1965050
408,2020-03-23 14:15:00,85.52602,86.13252,84.6607,85.60036,1642970
407,2020-03-23 14:30:00,85.73542,86.332,84.58196,85.78168,1596565
406,2020-03-23 14:45:00,85.83,86.291,85.22,85.84342,1350805
405,2020-03-23 15:00:00,85.80436,86.82,85.304,85.4,2063705
404,2020-03-23 15:15:00,85.422,86.77782,85.36578,86.124,1649170
403,2020-03-23 15:30:00,86.075,86.226,85.042,85.36978,2011835
402,2020-03-23 15:45:00,85.358,86.384,84.684,86.0,2215660
401,2020-03-23 16:00:00,86.056,87.104,85.81404,86.858,3517680
400,2020-03-23 16:15:00,86.858,86.858,86.058,86.4,79565
399,2020-03-23 16:30:00,86.598,86.928,86.598,86.8,50495
398,2020-03-23 16:45:00,86.82,86.98,86.6,86.98,40405
397,2020-03-23 17:00:00,86.98,86.98,86.888,86.898,97780
396,2020-03-23 17:15:00,86.8,87.2,86.8,87.19,42850
395,2020-03-23 17:30:00,87.2,87.782,87.2,87.782,38630
394,2020-03-23 17:45:00,87.51,87.75598,87.41,87.6,31740
393,2020-03-23 18:00:00,87.6,87.8,87.6,87.8,35265
392,2020-03-23 18:15:00,87.932,88.51998,87.202,87.202,75385
391,2020-03-23 18:30:00,87.6,88.4,87.6,88.4,62060
390,2020-03-23 18:45:00,88.52,88.52,87.8,88.2,60350
389,2020-03-23 19:00:00,88.2,88.2,88.1,88.1,15235
388,2020-03-23 19:15:00,88.2,88.6,88.2,88.6,55100
387,2020-03-23 19:30:00,88.6,89.37,88.6,88.998,94815
386,2020-03-23 19:45:00,88.998,89.2,88.7,89.002,51050
385,2020-03-23 20:00:00,89.0,89.076,88.864,89.076,55680
384,2020-03-24 04:15:00,91.0,92.6,91.0,91.8,180775
383,2020-03-24 04:30:00,91.794,91.794,90.44,90.44,26955
382,2020-03-24 04:45:00,91.14,91.76,90.9,91.38,42390
381,2020-03-24 05:00:00,91.69,92.194,91.632,92.19,27965
380,2020-03-24 05:15:00,92.2,92.4,92.196,92.4,16795
379,2020-03-24 05:30:00,92.402,92.502,92.048,92.048,25175
378,2020-03-24 05:45:00,92.198,92.736,92.198,92.736,22220
377,2020-03-24 06:00:00,92.6,93.002,92.448,93.002,37940
376,2020-03-24 06:15:00,93.002,93.2,93.0,93.048,52435
375,2020-03-24 06:30:00,93.1,93.22,93.1,93.2,18335
374,2020-03-24 06:45:00,93.4,93.6,93.37,93.6,19890
373,2020-03-24 07:00:00,93.58,93.58,93.2,93.2,11510
372,2020-03-24 07:15:00,93.556,93.558,92.394,93.0,200560
371,2020-03-24 07:30:00,93.0,93.0,91.8,92.3,164710
370,2020-03-24 07:45:00,92.222,92.76,92.022,92.026,102805
369,2020-03-24 08:00:00,92.5,92.794,92.3,92.3,41765
368,2020-03-24 08:15:00,92.5,93.0,91.802,92.014,220625
367,2020-03-24 08:30:00,91.848,91.97,91.08,91.208,202780
366,2020-03-24 08:45:00,91.2,91.568,90.862,91.48,170085
365,2020-03-24 09:00:00,91.426,92.988,91.426,92.8,321220
364,2020-03-24 09:15:00,92.808,93.6,92.73,93.5,249975
363,2020-03-24 09:30:00,93.56,95.496,93.56,95.338,647280
362,2020-03-24 09:45:00,95.46,98.0,94.8,95.3417,12123345
361,2020-03-24 10:00:00,95.326,97.05,94.987,96.858,5811800
360,2020-03-24 10:15:00,96.796,98.814,96.432,98.472,7967120
359,2020-03-24 10:30:00,98.552,102.236,98.42,101.002,12014100
358,2020-03-24 10:45:00,100.84,101.26,99.6,100.124,5836500
357,2020-03-24 11:00:00,100.242,100.242,98.6,98.998,4735960
356,2020-03-24 11:15:00,99.07398,99.64,97.80334,99.1326,3885760
355,2020-03-24 11:30:00,99.17554,100.824,98.8,100.744,3656975
354,2020-03-24 11:45:00,100.766,101.36998,99.45,100.7026,3034750
353,2020-03-24 12:00:00,100.75198,101.4,99.88,101.4,3040560
352,2020-03-24 12:15:00,101.32894,102.4,101.022,101.098,3991700
351,2020-03-24 12:30:00,101.096,102.11398,100.81228,101.836,2974290
350,2020-03-24 12:45:00,101.82,102.738,101.251,102.1628,3062310
349,2020-03-24 13:00:00,102.188,102.188,100.69,100.80432,2360450
348,2020-03-24 13:15:00,100.84506,101.3,99.614,100.50712,2581640
347,2020-03-24 13:30:00,100.42,100.75964,99.3,100.0,2286080
346,2020-03-24 13:45:00,100.061,101.56798,99.992,101.074,2285125
345,2020-03-24 14:00:00,101.026,101.446,99.1,99.22794,2615865
344,2020-03-24 14:15:00,99.23802,99.85166,98.04,99.03004,2853655
343,2020-03-24 14:30:00,99.018,99.882,98.75026,99.406,1926800
342,2020-03-24 14:45:00,99.406,100.36398,98.82,99.666,1896025
341,2020-03-24 15:00:00,99.676,100.254,98.74,100.254,2291495
340,2020-03-24 15:15:00,100.274,100.676,99.656,100.1649,2741400
339,2020-03-24 15:30:00,100.102,100.97662,99.664,100.546,2582720
338,2020-03-24 15:45:00,100.522,101.94796,100.4,101.663,3678670
337,2020-03-24 16:00:00,101.602,101.63,100.002,100.86,5574910
336,2020-03-24 16:15:00,100.874,101.46,100.2,101.46,344445
335,2020-03-24 16:30:00,101.4,101.8,101.302,101.6,57860
334,2020-03-24 16:45:00,101.572,105.396,101.548,104.8,385935
333,2020-03-24 17:00:00,104.852,104.852,102.998,103.22,584550
332,2020-03-24 17:15:00,103.4,104.0,103.294,103.6,154740
331,2020-03-24 17:30:00,103.678,104.208,103.4,103.6,74595
330,2020-03-24 17:45:00,103.54,103.8,103.2,103.404,61535
329,2020-03-24 18:00:00,103.4,103.8,103.4,103.702,41880
328,2020-03-24 18:15:00,103.792,104.8,103.6,104.71,119830
327,2020-03-24 18:30:00,104.986,106.574,104.648,106.0,185910
326,2020-03-24 18:45:00,106.01,106.01,105.4,105.78998,133115
325,2020-03-24 19:00:00,105.79,106.8,105.79,106.2,139235
324,2020-03-24 19:15:00,106.2,106.2,105.042,105.056,90090
323,2020-03-24 19:30:00,105.23,105.6,103.0,103.422,139895
322,2020-03-24 19:45:00,103.478,103.88,102.26,102.26,87440
321,2020-03-24 20:00:00,102.22,102.4,101.802,101.996,169330
320,2020-03-25 04:15:00,109.6,111.368,107.778,109.0,172515
319,2020-03-25 04:30:00,108.916,110.2,108.916,110.2,93200
318,2020-03-25 04:45:00,110.2,111.178,110.004,110.8,128245
317,2020-03-25 05:00:00,110.702,112.9,110.702,112.646,132935
316,2020-03-25 05:15:00,112.58,113.8,111.8,113.74,128255
315,2020-03-25 05:30:00,113.75,113.8,112.78,113.304,98060
314,2020-03-25 05:45:00,113.6,113.66,112.0,112.0,199010
313,2020-03-25 06:00:00,111.822,112.0,109.5,110.0,226025
312,2020-03-25 06:15:00,110.8,110.8,108.522,108.6,94070
311,2020-03-25 06:30:00,108.6,109.032,106.652,106.844,82925
310,2020-03-25 06:45:00,107.2,107.4,106.588,106.632,110320
309,2020-03-25 07:00:00,106.646,106.646,101.98,102.796,248510
308,2020-03-25 07:15:00,102.624,107.602,102.2,105.78,627450
307,2020-03-25 07:30:00,106.0,106.6,104.578,105.712,340760
306,2020-03-25 07:45:00,105.81,105.986,103.802,105.4,293160
305,2020-03-25 08:00:00,105.388,105.694,103.6,105.4,287205
304,2020-03-25 08:15:00,105.004,107.6,103.04,105.8,568005
303,2020-03-25 08:30:00,105.804,107.0,105.58,106.798,198860
302,2020-03-25 08:45:00,106.4,107.4,106.4,106.842,383115
301,2020-03-25 09:00:00,106.8,110.414,106.602,110.0,549080
300,2020-03-25 09:15:00,110.054,110.8,108.80002,110.504,464840
299,2020-03-25 09:30:00,110.504,110.7,107.80402,109.28,461565
298,2020-03-25 09:45:00,109.05,111.4,106.4,108.03,13032515
297,2020-03-25 10:00:00,107.93416,108.854,102.4,104.044,8988615
296,2020-03-25 10:15:00,104.06238,104.7979,102.222,103.168,5711500
295,2020-03-25 10:30:00,103.25,105.692,103.208,105.102,4733285
294,2020-03-25 10:45:00,105.139,108.201,105.139,106.63158,6783530
293,2020-03-25 11:00:00,106.786,108.378,106.048,108.108,3882370
292,2020-03-25 11:15:00,108.0394,109.131,107.35278,108.2711,4081410
291,2020-03-25 11:30:00,108.203,109.11,106.81836,108.428,3056975
290,2020-03-25 11:45:00,108.5388,109.09314,107.9,108.498,2368845
289,2020-03-25 12:00:00,108.482,108.648,107.705,108.322,2160500
288,2020-03-25 12:15:00,108.328,109.7,108.145,109.232,3200620
287,2020-03-25 12:30:00,109.2,110.8,109.122,110.57088,4670170
286,2020-03-25 12:45:00,110.424,110.529,109.2,109.89,2583840
285,2020-03-25 13:00:00,109.84626,110.505,109.4,109.878,2390300
284,2020-03-25 13:15:00,109.848,109.92726,108.454,108.74754,1878915
283,2020-03-25 13:30:00,108.739,109.798,108.536,108.982,1796000
282,2020-03-25 13:45:00,109.04,109.6,108.506,109.3613,1397295
281,2020-03-25 14:00:00,109.346,109.69,108.15,108.788,1839965
280,2020-03-25 14:15:00,108.7858,108.996,107.0,108.152,2452375
279,2020-03-25 14:30:00,108.258,108.98,107.29,107.73,2419785
278,2020-03-25 14:45:00,107.766,108.78,107.2,108.636,1745315
277,2020-03-25 15:00:00,108.55,110.38,108.5,110.098,3113050
276,2020-03-25 15:15:00,110.1366,110.67926,109.56002,109.82,2773145
275,2020-03-25 15:30:00,109.794,110.1,109.088,109.092,2217010
274,2020-03-25 15:45:00,109.168,110.538,108.96,109.10156,2964100
273,2020-03-25 16:00:00,109.028,109.3,106.68,107.835,5883175
272,2020-03-25 16:15:00,107.85,108.0,107.2,107.3,262120
271,2020-03-25 16:30:00,107.1,107.85,107.024,107.132,85075
270,2020-03-25 16:45:00,107.228,107.56,107.084,107.4,52705
269,2020-03-25 17:00:00,107.85,107.85,107.23,107.244,39215
268,2020-03-25 17:15:00,107.256,107.41,107.24398,107.398,22945
267,2020-03-25 17:30:00,107.388,107.4,107.204,107.4,24760
266,2020-03-25 17:45:00,107.202,107.6,107.202,107.6,8485
265,2020-03-25 18:00:00,107.5,107.6,107.402,107.45,27560
264,2020-03-25 18:15:00,107.41,109.2,107.4,108.348,96670
263,2020-03-25 18:30:00,108.2,108.472,107.776,107.8,47550
262,2020-03-25 18:45:00,107.78,108.85,107.78,108.85,39935
261,2020-03-25 19:00:00,108.71002,108.71002,108.208,108.34,21680
260,2020-03-25 19:15:00,108.36,108.398,107.872,107.982,35030
259,2020-03-25 19:30:00,107.866,108.0,107.4,107.8,45580
258,2020-03-25 19:45:00,107.6,108.022,107.4,107.9,45970
257,2020-03-25 20:00:00,108.022,108.292,107.8,108.002,32675
256,2020-03-26 04:15:00,105.73,106.088,103.988,105.148,30315
255,2020-03-26 04:30:00,105.4,105.66,105.0,105.3,24895
254,2020-03-26 04:45:00,105.292,105.292,103.6,103.798,57085
253,2020-03-26 05:00:00,103.938,104.098,103.8,104.0,36785
252,2020-03-26 05:15:00,104.8,105.0,104.4,104.4,4945
251,2020-03-26 05:30:00,104.7,104.802,104.7,104.802,3425
250,2020-03-26 05:45:00,104.596,104.596,104.596,104.596,1345
249,2020-03-26 06:00:00,105.46,105.46,105.46,105.46,3390
248,2020-03-26 06:15:00,105.53,106.0,105.53,106.0,11325
247,2020-03-26 06:30:00,106.2,107.2,106.2,107.0,33760
246,2020-03-26 06:45:00,107.1,107.588,107.042,107.4,13930
245,2020-03-26 07:00:00,107.008,107.024,106.394,106.396,21680
244,2020-03-26 07:15:00,106.9,107.2,106.126,106.8,87395
243,2020-03-26 07:30:00,106.8,107.188,106.56,106.56,47505
242,2020-03-26 07:45:00,106.52,106.62,106.412,106.5,38625
241,2020-03-26 08:00:00,106.5,106.5,105.62,105.8,52130
240,2020-03-26 08:15:00,106.98,107.2,104.246,104.402,234495
239,2020-03-26 08:30:00,104.202,104.6,103.174,103.2,290130
238,2020-03-26 08:45:00,103.1,106.2,102.776,104.604,424520
237,2020-03-26 09:00:00,104.61,107.4,104.6,107.4,191310
236,2020-03-26 09:15:00,107.5,109.0,106.8,108.492,419980
235,2020-03-26 09:30:00,108.56,109.8,107.7,109.6,358765
234,2020-03-26 09:45:00,109.478,112.0,108.41,109.5052,7970915
233,2020-03-26 10:00:00,109.413,110.6,108.488,110.05624,4794290
232,2020-03-26 10:15:00,110.2,110.96,109.324,110.0,4065560
231,2020-03-26 10:30:00,109.98,110.79,109.2,109.2,3610650
230,2020-03-26 10:45:00,109.222,110.07648,108.044,108.561,3485420
229,2020-03-26 11:00:00,108.5163,109.0,106.842,108.54114,4141245
228,2020-03-26 11:15:00,108.54114,108.8,107.48,107.51698,2424990
227,2020-03-26 11:30:00,107.48088,108.248,107.036,107.494,2221315
226,2020-03-26 11:45:00,107.49,108.6,106.6,108.486,3386825
225,2020-03-26 12:00:00,108.532,108.6,107.47602,107.748,2193760
224,2020-03-26 12:15:00,107.79682,108.0,106.86752,107.03388,2038520
223,2020-03-26 12:30:00,107.082,107.432,106.152,107.232,2559630
222,2020-03-26 12:45:00,107.234,107.324,105.548,106.12654,2577605
221,2020-03-26 13:00:00,106.076,106.438,105.6645,105.8,1972125
220,2020-03-26 13:15:00,105.75,105.924,103.69946,104.20022,3634985
219,2020-03-26 13:30:00,104.214,104.56,103.444,103.693,2954710
218,2020-03-26 13:45:00,103.606,104.198,102.45,103.479,4421395
217,2020-03-26 14:00:00,103.526,103.572,102.638,103.538,2942750
216,2020-03-26 14:15:00,103.592,104.798,103.464,103.636,2946315
215,2020-03-26 14:30:00,103.5227,104.15046,103.12,103.53198,1661600
214,2020-03-26 14:45:00,103.562,104.284,103.2,103.256,1837940
213,2020-03-26 15:00:00,103.204,104.042,103.2,103.984,1733485
212,2020-03-26 15:15:00,103.92,103.994,103.2,103.6,1654835
211,2020-03-26 15:30:00,103.662,105.345,103.4,105.142,2932555
210,2020-03-26 15:45:00,105.15668,105.53,103.3,103.692,3341250
209,2020-03-26 16:00:00,103.624,105.8,103.178,105.61,5432755
208,2020-03-26 16:15:00,105.632,105.8,105.226,105.5,409900
207,2020-03-26 16:30:00,105.5,105.632,105.04,105.2,37045
206,2020-03-26 16:45:00,105.3,105.56,105.26,105.4,26365
205,2020-03-26 17:00:00,105.4,105.5,104.614,104.64,76360
204,2020-03-26 17:15:00,104.62,105.4,104.4,105.298,48390
203,2020-03-26 17:30:00,105.2,105.438,105.2,105.2,33140
202,2020-03-26 17:45:00,105.438,105.438,105.4,105.4,3790
201,2020-03-26 18:00:00,105.3,105.3,105.088,105.26,22985
200,2020-03-26 18:15:00,105.3,105.3,104.8,105.28,35470
199,2020-03-26 18:30:00,105.2,105.4,105.2,105.4,17450
198,2020-03-26 18:45:00,105.5,105.57,105.2,105.2,13140
197,2020-03-26 19:00:00,105.2,105.2,105.0,105.094,21030
196,2020-03-26 19:15:00,105.0,105.0,104.7,104.794,42780
195,2020-03-26 19:30:00,104.7,105.078,104.7,104.978,23665
194,2020-03-26 19:45:00,104.8,105.0,104.7,104.9,19560
193,2020-03-26 20:00:00,105.0,105.4,105.0,105.4,50975
192,2020-03-27 04:15:00,103.592,103.66,103.12,103.4,22810
191,2020-03-27 04:30:00,103.608,103.608,102.6,102.6,19895
190,2020-03-27 04:45:00,102.8,102.96,102.672,102.852,13245
189,2020-03-27 05:00:00,103.054,103.352,103.054,103.104,9715
188,2020-03-27 05:15:00,103.4,103.6,103.0,103.062,18415
187,2020-03-27 05:30:00,103.006,103.016,103.0,103.016,4950
186,2020-03-27 05:45:00,102.606,102.73,102.6,102.73,6210
185,2020-03-27 06:00:00,102.75,102.75,102.4,102.4,27425
184,2020-03-27 06:15:00,102.002,102.196,101.6,101.7,30585
183,2020-03-27 06:30:00,101.62,101.62,101.0,101.588,44070
182,2020-03-27 06:45:00,101.9,102.4,101.9,102.2,30000
181,2020-03-27 07:00:00,101.98,101.98,101.626,101.626,3785
180,2020-03-27 07:15:00,101.79,103.568,101.79,103.2,176180
179,2020-03-27 07:30:00,103.2,103.62,102.0,102.006,114490
178,2020-03-27 07:45:00,101.988,102.2,101.688,102.2,107730
177,2020-03-27 08:00:00,102.37,102.37,101.4,101.4,121815
176,2020-03-27 08:15:00,102.7,103.8,100.94,101.56,265935
175,2020-03-27 08:30:00,101.6,102.784,101.5,102.784,148000
174,2020-03-27 08:45:00,102.79,102.95,102.02,102.02,115280
173,2020-03-27 09:00:00,102.02,102.4,101.652,101.75,145865
172,2020-03-27 09:15:00,101.736,102.29,101.3,101.3,155690
171,2020-03-27 09:30:00,101.38,101.8,101.002,101.2,173090
170,2020-03-27 09:45:00,101.0,102.11,99.55,100.354,7579375
169,2020-03-27 10:00:00,100.4645,100.604,98.806,99.21536,4867525
168,2020-03-27 10:15:00,99.26326,100.5,98.846,100.155,3649080
167,2020-03-27 10:30:00,100.066,100.72,99.504,100.24,2498030
166,2020-03-27 10:45:00,100.024,100.34,99.8,100.028,1761190
165,2020-03-27 11:00:00,100.032,100.2,99.394,99.547,2239260
164,2020-03-27 11:15:00,99.468,100.55,99.458,100.5,1910270
163,2020-03-27 11:30:00,100.5,101.5,100.25,100.6,2608820
162,2020-03-27 11:45:00,100.606,101.0,100.379,100.556,1252860
161,2020-03-27 12:00:00,100.568,100.68138,100.09,100.182,1297215
160,2020-03-27 12:15:00,100.146,100.42366,99.818,100.346,1504515
159,2020-03-27 12:30:00,100.36,100.604,100.038,100.15,1338940
158,2020-03-27 12:45:00,100.164,101.196,100.01478,100.96402,1892030
157,2020-03-27 13:00:00,101.0,101.24,100.728,100.968,1271110
156,2020-03-27 13:15:00,100.99,101.328,100.706,100.852,1327985
155,2020-03-27 13:30:00,100.87,101.226,100.538,100.92022,1138545
154,2020-03-27 13:45:00,100.954,103.288,100.866,101.926,4667355
153,2020-03-27 14:00:00,101.95698,102.71546,101.876,102.18,1758600
152,2020-03-27 14:15:00,102.156,102.268,101.148,101.8,1711965
151,2020-03-27 14:30:00,101.814,102.573,101.799,102.36578,1507635
150,2020-03-27 14:45:00,102.298,103.57748,102.16068,102.56852,2694005
149,2020-03-27 15:00:00,102.456,103.4,102.24,103.17046,1766895
148,2020-03-27 15:15:00,103.174,105.16,102.838,104.54428,3203180
147,2020-03-27 15:30:00,104.8038,104.958,103.0685,103.576,3662560
146,2020-03-27 15:45:00,103.582,104.482,103.004,103.86,3607175
145,2020-03-27 16:00:00,103.752,104.32,102.66,102.912,4758550
144,2020-03-27 16:15:00,102.872,103.134,102.6,103.072,1432420
143,2020-03-27 16:30:00,103.054,103.112,102.7,102.898,187860
142,2020-03-27 16:45:00,102.8,103.084,102.766,102.926,84265
141,2020-03-27 17:00:00,102.998,103.174,102.872,102.872,128355
140,2020-03-27 17:15:00,102.764,102.95,102.6,102.86,26015
139,2020-03-27 17:30:00,102.84,102.87798,102.788,102.822,4165
138,2020-03-27 17:45:00,102.602,102.624,102.6,102.6,11050
137,2020-03-27 18:00:00,102.25,102.3,102.118,102.118,15935
136,2020-03-27 18:15:00,102.0,102.5,102.0,102.3,14955
135,2020-03-27 18:30:00,102.226,102.3,102.2,102.3,11860
134,2020-03-27 18:45:00,102.15,102.3,102.15,102.15,5050
133,2020-03-27 19:00:00,102.15,102.2,102.02,102.02,17125
132,2020-03-27 19:15:00,102.012,102.1,102.012,102.086,4700
131,2020-03-27 19:30:00,102.08,102.08,102.0,102.0,9470
130,2020-03-27 19:45:00,101.9,102.2,101.87,101.94,23440
129,2020-03-27 20:00:00,101.94998,101.94998,101.6,101.8,25360
128,2020-03-30 04:15:00,101.0,102.6,100.2,102.6,27755
127,2020-03-30 04:30:00,102.7,102.76,101.96,102.194,16805
126,2020-03-30 04:45:00,102.4,103.028,102.4,103.028,27645
125,2020-03-30 05:00:00,102.2,102.2,102.102,102.102,3915
124,2020-03-30 05:15:00,102.002,102.4,102.0,102.4,6030
123,2020-03-30 05:30:00,102.2,102.7,102.2,102.6,6915
122,2020-03-30 05:45:00,102.8,102.978,102.8,102.9,6220
121,2020-03-30 06:00:00,102.9,102.9,102.9,102.9,1670
120,2020-03-30 06:15:00,102.8,102.8,102.8,102.8,1490
119,2020-03-30 06:30:00,102.502,102.502,102.502,102.502,1630
118,2020-03-30 06:45:00,102.502,103.28,102.502,103.28,8370
117,2020-03-30 07:00:00,103.158,103.6,103.158,103.5,21130
116,2020-03-30 07:15:00,103.302,103.6,102.0,102.32,179440
115,2020-03-30 07:30:00,102.5,102.612,102.4,102.472,47415
114,2020-03-30 07:45:00,102.442,102.6,101.822,101.822,86660
113,2020-03-30 08:00:00,101.904,102.654,101.904,102.6,61415
112,2020-03-30 08:15:00,102.75398,103.6,102.0,102.188,105655
111,2020-03-30 08:30:00,102.2,102.76,102.15,102.62,44010
110,2020-03-30 08:45:00,102.5946,104.196,102.5946,104.1,164750
109,2020-03-30 09:00:00,104.2,104.28,103.26,104.2,166400
108,2020-03-30 09:15:00,104.25,104.25,103.672,103.82,120710
107,2020-03-30 09:30:00,103.928,103.928,101.954,102.076,193830
106,2020-03-30 09:45:00,102.052,103.16,98.246,99.925,6456200
105,2020-03-30 10:00:00,99.792,101.292,99.082,100.5,3517390
104,2020-03-30 10:15:00,100.498,101.098,99.73,100.438,2429190
103,2020-03-30 10:30:00,100.438,101.002,99.5,99.6,3059350
102,2020-03-30 10:45:00,99.58712,100.9,99.54,100.516,2434265
101,2020-03-30 11:00:00,100.522,100.9,99.81,100.198,1885275
100,2020-03-30 11:15:00,100.156,100.292,99.802,100.12784,1614920
99,2020-03-30 11:30:00,100.1738,100.802,99.664,100.79,2169020
98,2020-03-30 11:45:00,100.8,101.678,100.8,101.49872,2765235
97,2020-03-30 12:00:00,101.466,102.186,101.096,101.953,1846325
96,2020-03-30 12:15:00,101.94,102.73998,101.678,102.16576,2276560
95,2020-03-30 12:30:00,102.16202,103.32942,102.1,102.8,2269010
94,2020-03-30 12:45:00,102.752,102.752,101.538,101.8,1595405
93,2020-03-30 13:00:00,101.8,102.666,101.8,102.57476,1343105
92,2020-03-30 13:15:00,102.572,102.572,101.082,101.25598,1708490
91,2020-03-30 13:30:00,101.26,101.56,100.884,101.168,1347810
90,2020-03-30 13:45:00,101.19,101.652,101.1,101.2,1111200
89,2020-03-30 14:00:00,101.226,102.21886,100.402,100.542,1642500
88,2020-03-30 14:15:00,100.524,100.574,100.0,100.40688,1577445
87,2020-03-30 14:30:00,100.43924,101.194,100.158,101.112,1710645
86,2020-03-30 14:45:00,101.1281,101.51198,100.926,101.396,1435025
85,2020-03-30 15:00:00,101.352,101.632,100.74,101.132,1674955
84,2020-03-30 15:15:00,101.15,101.428,100.632,101.12466,1422315
83,2020-03-30 15:30:00,101.152,101.29,100.2148,100.682,1520475
82,2020-03-30 15:45:00,100.704,100.936,100.3122,100.512,1382655
81,2020-03-30 16:00:00,100.59,100.822,99.98,100.42,3096310
80,2020-03-30 16:15:00,100.426,100.596,100.294,100.294,1889260
79,2020-03-30 16:30:00,100.2,100.356,100.2,100.2,17955
78,2020-03-30 16:45:00,100.2,100.328,100.154,100.328,23110
77,2020-03-30 17:00:00,100.222,100.594,100.222,100.406,283975
76,2020-03-30 17:15:00,100.4,100.4,100.21,100.34,11990
75,2020-03-30 17:30:00,100.376,100.496,100.204,100.496,49725
74,2020-03-30 17:45:00,100.5,100.5,100.4,100.4,4305
73,2020-03-30 18:00:00,100.3,100.3,100.3,100.3,1130
72,2020-03-30 18:15:00,100.2,100.32,100.17,100.32,6710
71,2020-03-30 18:30:00,100.378,100.398,100.16,100.398,11810
70,2020-03-30 18:45:00,100.4,100.436,100.3,100.4,18015
69,2020-03-30 19:00:00,100.4,100.4,100.24,100.24,7290
68,2020-03-30 19:15:00,100.3,100.3,100.3,100.3,1960
67,2020-03-30 19:30:00,100.33,100.398,100.24,100.24,13195
66,2020-03-30 19:45:00,100.498,100.498,100.4,100.4,3520
65,2020-03-30 20:00:00,100.4,100.6,100.4,100.6,24320
64,2020-03-31 04:15:00,101.8,103.2,101.8,102.71,33070
63,2020-03-31 04:30:00,102.71,103.4,102.7,103.4,10395
62,2020-03-31 04:45:00,103.378,104.2,103.378,104.0,33760
61,2020-03-31 05:00:00,103.5,103.78,103.5,103.78,2885
60,2020-03-31 05:15:00,103.644,103.644,103.074,103.5,12305
59,2020-03-31 05:30:00,103.63,103.63,103.63,103.63,6470
58,2020-03-31 05:45:00,103.486,103.486,103.262,103.262,7110
57,2020-03-31 06:00:00,103.25,103.25,102.02,102.598,45220
56,2020-03-31 06:15:00,102.3,102.526,102.052,102.052,8795
55,2020-03-31 06:30:00,101.814,101.924,101.54,101.54,17465
54,2020-03-31 06:45:00,101.44,101.8,101.4,101.8,8865
53,2020-03-31 07:00:00,101.678,101.8,101.678,101.8,4435
52,2020-03-31 07:15:00,101.296,101.502,100.22,100.45,111820
51,2020-03-31 07:30:00,100.432,101.68,100.41,101.2,48390
50,2020-03-31 07:45:00,101.224,101.8,100.7,100.824,60270
49,2020-03-31 08:00:00,100.86,101.4,100.8,101.382,15640
48,2020-03-31 08:15:00,100.253,101.788,99.66,99.678,216405
47,2020-03-31 08:30:00,99.678,100.0,99.4,99.698,148055
46,2020-03-31 08:45:00,99.8,100.426,99.2,99.212,167430
45,2020-03-31 09:00:00,99.212,99.58,99.02,99.466,125010
44,2020-03-31 09:15:00,99.436,99.8,99.212,99.5,277640
43,2020-03-31 09:30:00,99.4,100.37,99.222,100.3,292265
42,2020-03-31 09:45:00,100.25,103.198,99.4,102.22,6123705
41,2020-03-31 10:00:00,102.309,104.21,102.108,103.434,5232830
40,2020-03-31 10:15:00,103.43414,107.918,103.43414,107.348,9455600
39,2020-03-31 10:30:00,107.322,107.34,105.836,106.655,5093665
38,2020-03-31 10:45:00,106.6783,107.14594,105.818,106.228,2866230
37,2020-03-31 11:00:00,106.218,107.086,105.88,106.05,2545085
36,2020-03-31 11:15:00,106.098,106.4,105.302,106.15554,2829365
35,2020-03-31 11:30:00,106.192,106.9,105.828,106.826,1918540
34,2020-03-31 11:45:00,106.87022,107.282,106.25458,106.748,2609240
33,2020-03-31 12:00:00,106.676,107.91198,106.488,107.623,2867720
32,2020-03-31 12:15:00,107.566,108.592,107.112,108.148,3159665
31,2020-03-31 12:30:00,108.062,108.2,106.046,106.698,3386125
30,2020-03-31 12:45:00,106.698,106.76798,105.47,106.488,2634860
29,2020-03-31 13:00:00,106.488,107.022,105.734,105.734,1751900
28,2020-03-31 13:15:00,105.739,106.398,105.402,105.905,1845055
27,2020-03-31 13:30:00,105.864,105.912,104.0253,104.62326,2656430
26,2020-03-31 13:45:00,104.64,105.7427,104.32,105.364,2316750
25,2020-03-31 14:00:00,105.33,106.165,105.07142,106.078,1843535
24,2020-03-31 14:15:00,106.15,106.156,105.354,105.40626,1382070
23,2020-03-31 14:30:00,105.414,105.64,104.91,105.388,1246420
22,2020-03-31 14:45:00,105.4,106.09,104.85,105.64402,1712210
21,2020-03-31 15:00:00,105.706,106.02,105.243,105.69,1326760
20,2020-03-31 15:15:00,105.68386,105.949,104.088,104.442,2091800
19,2020-03-31 15:30:00,104.42292,104.598,101.84,103.004,4464315
18,2020-03-31 15:45:00,102.948,103.96,102.9261,103.6897,2756525
17,2020-03-31 16:00:00,103.714,104.922,102.834,104.896,5279270
16,2020-03-31 16:15:00,104.812,104.812,104.026,104.302,1311990
15,2020-03-31 16:30:00,104.388,104.4,104.25,104.394,24055
14,2020-03-31 16:45:00,104.296,104.36,104.042,104.2,23395
13,2020-03-31 17:00:00,104.198,104.8,104.15,104.386,140645
12,2020-03-31 17:15:00,104.345,104.8,104.2,104.2,130945
11,2020-03-31 17:30:00,104.23,104.25,104.14,104.14,15435
10,2020-03-31 17:45:00,104.13,104.13,103.802,104.0,28935
9,2020-03-31 18:00:00,103.996,104.0,103.996,104.0,5560
8,2020-03-31 18:15:00,103.96,103.96,103.6,103.6,34100
7,2020-03-31 18:30:00,103.55,103.71798,103.518,103.622,8885
6,2020-03-31 18:45:00,103.6,103.6,103.3,103.408,23780
5,2020-03-31 19:00:00,103.422,103.422,103.08,103.1,27770
4,2020-03-31 19:15:00,103.304,103.304,103.01,103.01,11210
3,2020-03-31 19:30:00,103.0,103.2,103.0,103.2,15455
2,2020-03-31 19:45:00,103.2,103.2,103.0,103.2,30245
1,2020-03-31 20:00:00,103.202,103.29,103.0,103.1,65390
0,time,open,high,low,close,volume
